player,team,total_minutes,most_frequent_position
Aaron Ciammaglichella,Torino,1,CM
Aaron Cresswell,West Ham United,29,LB
Aaron Malouda,Lille,0,
Aaron Ramsdale,Arsenal,0,
Aaron Ramsdale,Southampton,990,GK
Aaron Wan-Bissaka,West Ham United,1354,RB
Aarón Martín,Genoa,1278,LB
Abakar Sylla,Strasbourg,651,CB
Abdallah Sima,Brest,480,LW
Abde Ezzalzouli,Real Betis,1362,LW
Abdel Abqar,Alavés,1488,CB
Abdelhamid Ait Boudlal,Rennes,0,
Abdenego Nankishi,Werder Bremen,0,
Abderrahman Rebbach,Alavés,385,LW
Abdou Harroui,Hellas Verona,283,AM
Abdoul Koné,Reims,120,RB
Abdoulaye Bamba,Angers,610,CB
Abdoulaye Doucouré,Everton,1343,AM
Abdoulaye Keita,Getafe,82,LM
Abdoulaye Niakhate Ndiaye,Brest,596,CB
Abdoulaye Touré,Le Havre,1334,CM
Abdoulie Ceesay,St. Pauli,0,
Abdukodir Khusanov,Lens,975,CB
Abdul Fatawu Issahaku,Leicester City,579,RW
Abdul Mumin,Rayo Vallecano,1443,CB
Abdulai Juma Bah,Valladolid,774,CB
Abdón Prats,Mallorca,218,FW
Abel,Osasuna,1146,LB
Abel Ruiz,Girona,902,FW
Abner,Lyon,789,LB
Aboubacar Bassinga,Las Palmas,4,AM
Achraf Dari,Brest,0,
Achraf Hakimi,Paris Saint-Germain,1298,RB
Adam Armstrong,Southampton,871,FW
Adam Aznou,Bayern Munich,11,LB
Adam Delplace,Lens,0,
Adam Dźwigała,St. Pauli,126,RM
Adam Hložek,Hoffenheim,1067,FW
Adam Lallana,Southampton,265,CM
Adam Marušić,Lazio,757,RB
Adam Masina,Torino,1393,CB
Adam Obert,Cagliari,608,LB
Adam Smith,Bournemouth,1035,RB
Adam Webster,Brighton & Hove Albion,104,CB
Adam Wharton,Crystal Palace,622,CM
Adama Boiro,Athletic Club,465,LB
Adama Bojang,Reims,0,
Adama Traoré,Fulham,941,RW
Ademola Lookman,Atalanta,758,AM
Adnan Januzaj,Las Palmas,305,RM
Ado Onaiwu,Auxerre,516,AM
Adri Embarba,Rayo Vallecano,910,LM
Adrian Baquerin,Valladolid,3,FW
Adrian Beck,Heidenheim,452,RW
Adrian Benedyczak,Parma,146,LW
Adrian Bernabe,Parma,644,DM
Adrian Rodriguez,Alavés,0,
Adrien Rabiot,Marseille,955,AM
Adrien Tameze,Torino,373,CM
Adrien Thomasson,Lens,1375,CM
Adrien Truffert,Rennes,1225,LB
Adrià Altimira,Leganés,778,RB
Adrià Pedrosa,Sevilla,1020,LB
Adrián,Real Betis,0,
Adryelson,Lyon,1,CB
Adu Ares,Athletic Club,19,RW
Agon Elezi,Bochum,0,
Aihen Muñoz,Real Sociedad,399,LB
Aimar Oroz,Osasuna,1495,LM
Aimen Moueffek,Saint-Étienne,496,CM
Ainsley Maitland-Niles,Lyon,1112,RB
Aitor Fernández,Osasuna,0,
Aitor Fraga,Real Sociedad,0,
Aitor Gismera,Atlético Madrid,0,
Aitor Paredes,Athletic Club,1024,CB
Aitor Ruibal,Real Betis,640,RW
Akim Zedadka,Lille,0,
Akor Adams,Montpellier,1075,FW
Aladji Bamba,Monaco,0,
Alan Do Marcolino,Rennes,0,
Alan Matturro,Genoa,652,CB
Alassane Diatta,Villarreal,0,
Alassane Pléa,Mönchengladbach,1092,AM
Alban Lafont,Nantes,1080,GK
Albert Grønbaek,Rennes,813,AM
Albert Guðmundsson,Fiorentina,343,AM
Albert Sambi Lokonga,Sevilla,847,DM
Alberto Cerri,Como,87,FW
Alberto Chiesurin,Venezia,0,
Alberto Dossena,Como,1251,CB
Alberto Grassi,Empoli,773,CM
Alberto López,Sevilla,0,
Alberto Manzoni,Atalanta,6,CM
Alberto Marí,Valencia,7,FW
Alberto Moleiro,Las Palmas,1373,LW
Alberto Moreno,Como,1229,LB
Alberto Paleari,Torino,90,GK
Alberto Risco,Getafe,69,DM
Alcázar,Real Betis,0,
Aleix García,Bayer Leverkusen,480,CM
Alejandro Balde,Barcelona,1288,LB
Alejandro Francés,Girona,556,RB
Alejandro Garnacho,Manchester United,1034,AM
Alejandro Iturbe,Atlético Madrid,0,
Alejandro Jay Agustín,Alavés,0,
Alejandro Jiménez,Milan,118,LB
Alejo Véliz,Espanyol,774,FW
Aleksandar Andreev,Girona,0,
Aleksandar Pavlovic,Bayern Munich,567,DM
Aleksandar Sedlar,Alavés,426,CB
Aleksandr Golovin,Monaco,974,AM
Alen Sherri,Cagliari,540,GK
Alessandro Bastoni,Internazionale,1324,CB
Alessandro Berardi,Hellas Verona,0,
Alessandro Berretta,Monza,0,
Alessandro Bianco,Fiorentina,18,CM
Alessandro Bianco,Monza,848,CM
Alessandro Buongiorno,Napoli,1350,CB
Alessandro Calligaris,Internazionale,0,
Alessandro Circati,Parma,360,CB
Alessandro Deiola,Cagliari,721,CM
Alessandro Dellavalle,Torino,0,
Alessandro Di Pardo,Cagliari,0,
Alessandro Fontanarosa,Internazionale,0,
Alessandro Gabrielloni,Como,103,FW
Alessandro Marcandalli,Genoa,46,CB
Alessandro Romano,Roma,0,
Alessandro Sorrentino,Monza,0,
Alessandro Vogliacco,Genoa,715,CB
Alessandro Zanoli,Genoa,881,WB
Alessio Chiesa,Como,0,
Alessio Furlanetto,Lazio,0,
Alessio Iovine,Como,309,RB
Alessio Raballo,Torino,0,
Alessio Romagnoli,Lazio,1208,CB
Alessio Zerbin,Napoli,2,LB
Alex Almansa,Espanyol,0,
Alex Baena,Villarreal,1281,LM
Alex Iwobi,Fulham,1719,LW
Alex Král,Espanyol,1653,CM
Alex McCarthy,Southampton,270,GK
Alex Meret,Napoli,1475,GK
Alex Murphy,Newcastle United,0,
Alex Padilla,Athletic Club,321,GK
Alex Scott,Bournemouth,263,DM
Alex Sola,Getafe,970,LM
Alexander Bernhardsson,Holstein Kiel,392,WB
Alexander Isak,Newcastle United,1463,FW
Alexander Meyer,Dortmund,180,GK
Alexander Nübel,Stuttgart,1440,GK
Alexander Prass,Hoffenheim,1184,WB
Alexander Schwolow,Union Berlin,180,GK
Alexander Sørloth,Atlético Madrid,781,FW
Alexandre Lacazette,Lyon,1114,FW
Alexandre Olliero,Reims,0,
Alexandru Borbei,Lecce,0,
Alexis Claude-Maurice,Augsburg,659,FW
Alexis Mac Allister,Liverpool,1322,DM
Alexis Saelemaekers,Milan,0,
Alexis Saelemaekers,Roma,460,WB
Alexis Sánchez,Udinese,102,FW
Alexsandro Ribeiro,Lille,1350,CB
Alfie Devine,Tottenham Hotspur,0,
Alfie Dorrington,Tottenham Hotspur,0,
Alfie Pond,Wolverhampton Wanderers,1,CB
Alfie Whiteman,Tottenham Hotspur,0,
Alfon,Celta Vigo,434,LW
Alfonso Espino,Rayo Vallecano,397,LB
Alfonso Montero,Juventus,0,
Alfred Duncan,Venezia,795,CM
Ali Abdi,Nice,599,WB
Ali Al Hamadi,Ipswich Town,134,FW
Ali Dembélé,Torino,83,CB
Ali Jasim,Como,0,
Alidu Seidu,Rennes,803,CB
Alieu Fadera,Como,908,LW
Aliou Badara Baldé,Bochum,91,FW
Alisson,Liverpool,978,GK
Aljoscha Kemlein,Union Berlin,697,CM
Allan Nyom,Getafe,564,RB
Almugera Kabar,Dortmund,125,LB
Alois Confais,Le Havre,3,CM
Alphadjo Cissè,Hellas Verona,2,CM
Alphonse Areola,West Ham United,765,GK
Alphonso Davies,Bayern Munich,1176,LB
Altay Bayındır,Manchester United,0,
Amad Diallo,Manchester United,1234,RW
Amadou Cissé,Strasbourg,0,
Amadou Haidara,RB Leipzig,714,CM
Amadou Koné,Reims,528,CM
Amadou Onana,Aston Villa,908,DM
Amara Nallo,Liverpool,0,
Amath,Valladolid,307,RW
Ameen Al-Dakhil,Stuttgart,11,RB
Amidou Doumbouya,Nice,46,LB
Amil Siljević,Eintracht Frankfurt,0,
Amin Sarr,Hellas Verona,559,FW
Amine Adli,Bayer Leverkusen,205,AM
Amine Gouiri,Rennes,967,AM
Amine Harit,Marseille,472,AM
Amine Moussaoui,Angers,0,
Amine Salama,Reims,271,FW
Amir Richardson,Fiorentina,395,DM
Amir Rrahmani,Napoli,1800,CB
Amos Pieper,Werder Bremen,319,CB
Anass Zaroury,Lens,742,LW
Anastasios Douvikas,Celta Vigo,630,FW
Ander Astralaga,Barcelona,0,
Ander Barrenetxea,Real Sociedad,633,LM
Ander Guevara,Alavés,1030,DM
Ander Herrera,Athletic Club,273,DM
Andoni Gorosabel,Athletic Club,443,RB
Andre-Frank Zambo Anguissa,Napoli,1323,RM
Andrea Belotti,Como,559,FW
Andrea Cambiaso,Juventus,720,LB
Andrea Carboni,Monza,1141,CB
Andrea Colpani,Fiorentina,1002,RW
Andrea Mazza,Monza,0,
Andrea Natali,Bayer Leverkusen,0,
Andrea Petagna,Monza,181,FW
Andrea Pinamonti,Genoa,1549,FW
Andrea Vailati,Monza,0,
Andreas Albers,St. Pauli,61,FW
Andreas Christensen,Barcelona,27,CB
Andreas Hanche-Olsen,Mainz 05,384,CB
Andreas Pereira,Fulham,1179,DM
Andrei Ratiu,Rayo Vallecano,1463,RB
Andrej Ilic,Lille,0,
Andrej Ilic,Union Berlin,31,FW
Andrej Kramarić,Hoffenheim,1262,AM
Andres Cuenca,Barcelona,0,
Andrew Omobamidele,Nottingham Forest,0,
Andrew Robertson,Liverpool,1380,LB
Andrey Santos,Strasbourg,1415,CM
Andriy Lunin,Real Madrid,270,GK
András Schäfer,Union Berlin,679,CM
André,Wolverhampton Wanderers,849,CM
André Ayew,Le Havre,664,FW
André Ferreira,Valladolid,0,
André Gomes,Lille,481,DM
André Onana,Manchester United,1800,GK
André Silva,RB Leipzig,132,FW
Andu Kelati,Holstein Kiel,124,AM
Andy Diouf,Lens,1204,CM
Andy Irving,West Ham United,68,AM
Andy Logbo,Le Havre,27,FW
Andy Pelmard,Lecce,129,RB
Ange-Yoan Bonny,Parma,1080,FW
Angel Gomes,Lille,635,AM
Angeliño,Roma,1001,WB
Angelo Fulgini,Lens,753,AM
Angelo Stiller,Stuttgart,1376,CM
Anrie Chase,Stuttgart,734,CB
Ansgar Knauff,Eintracht Frankfurt,706,RM
Ansu Fati,Barcelona,127,LW
Ante Budimir,Osasuna,1386,FW
Ante Rebić,Lecce,512,FW
Anthony Briançon,Saint-Étienne,0,
Anthony Caci,Mainz 05,1311,WB
Anthony Elanga,Nottingham Forest,1116,RW
Anthony Gordon,Newcastle United,1512,LW
Anthony Jung,Werder Bremen,1021,CB
Anthony Lopes,Lyon,0,
Anthony Lopes,Nantes,180,GK
Anthony Losilla,Bochum,1008,CM
Anthony Pavlesic,Bayern Munich,0,
Anthony Rouault,Stuttgart,919,CB
Antoine Gauthier,Saint-Étienne,0,
Antoine Griezmann,Atlético Madrid,1418,FW
Antoine Hainaut,Parma,450,RB
Antoine Joujou,Le Havre,482,LM
Antoine Makoumbou,Cagliari,904,CM
Antoine Mendy,Nice,537,CB
Antoine Semenyo,Bournemouth,1656,RW
Anton Stach,Hoffenheim,1370,CB
Antonee Robinson,Fulham,1800,LB
Antonino Gallo,Lecce,1151,LB
Antonio Blanco,Alavés,1267,DM
Antonio Candela,Venezia,948,WB
Antonio Donnarumma,Torino,0,
Antonio Espigare,Villarreal,0,
Antonio Gomis,Atlético Madrid,0,
Antonio Nusa,RB Leipzig,1142,WB
Antonio Raillo,Mallorca,1587,CB
Antonio Raimondo,Venezia,94,FW
Antonio Rüdiger,Real Madrid,1627,CB
Antonio Sanabria,Torino,975,FW
Antonio Sivera,Alavés,1583,GK
Antonio Sánchez,Mallorca,800,RB
Antoniu,Espanyol,328,RM
Antony,Manchester United,89,RW
Antonín Barák,Fiorentina,54,AM
Anuar,Valladolid,686,RW
Archie Gray,Tottenham Hotspur,420,CB
Archie Harris,Bournemouth,0,
Arda Güler,Real Madrid,575,AM
Ardian Ismajli,Empoli,1730,CB
Aridane Hernández,Rayo Vallecano,204,CB
Arijanet Muric,Ipswich Town,1530,GK
Arijon Ibrahimović,Bayern Munich,1,RW
Aristide Zossou,Auxerre,12,AM
Aritz Arambarri,Leganés,177,CB
Aritz Elustondo,Real Sociedad,282,RB
Arkaitz Mariezkurrena,Real Sociedad,0,
Armando Broja,Everton,159,FW
Armando Izzo,Monza,1389,CB
Armel Bella Kotchap,Southampton,0,
Armin Gigovic,Holstein Kiel,884,CM
Armindo Sieb,Mainz 05,522,FW
Arnau Martinez,Girona,1248,RB
Arnau Rafús,Valladolid,0,
Arnau Solà,Villarreal,0,
Arnau Tenas,Paris Saint-Germain,0,
Arnaud Kalimuendo,Rennes,1221,FW
Arnaud Nordin,Montpellier,1139,RW
Arnaut Danjuma,Girona,747,LW
Arnaut Danjuma,Villarreal,200,FW
Arne Engels,Augsburg,79,AM
Arne Maier,Augsburg,478,CM
Aron Dønnum,Toulouse,1262,WB
Arouna Sangante,Le Havre,518,CB
Artem Dovbyk,Roma,1487,FW
Artem Stepanov,Bayer Leverkusen,0,
Arthur,Bayer Leverkusen,210,WB
Arthur Atta,Udinese,137,CM
Arthur Chaves,Hoffenheim,696,CB
Arthur Desmas,Le Havre,1530,GK
Arthur Theate,Eintracht Frankfurt,1313,CB
Arthur Vermeeren,Atlético Madrid,0,
Arthur Vermeeren,RB Leipzig,773,CM
Asher Agbinone,Crystal Palace,6,AM
Ashley Young,Everton,1356,RB
Asier Villalibre,Alavés,214,FW
Asmir Begović,Everton,0,
Assan Ouedraogo,RB Leipzig,50,AM
Assane Diao,Real Betis,277,RW
Assane Dioussé,Auxerre,174,CM
Aster Vranckx,Wolfsburg,130,CM
Atakan Karazor,Stuttgart,1141,CM
Attila Szalai,Hoffenheim,0,
Augustine Boakye,Saint-Étienne,454,RM
Augusto Batalla,Rayo Vallecano,1260,GK
Augusto Owusu,Juventus,0,
Aurele Amenda,Eintracht Frankfurt,70,CB
Aurélien Tchouaméni,Real Madrid,1274,CM
Aurélio Buta,Reims,1066,RB
Axel Camblan,Brest,26,LM
Axel Disasi,Chelsea,350,RB
Axel Gueguin,Montpellier,23,LW
Axel Tapé,Paris Saint-Germain,0,
Axel Tuanzebe,Ipswich Town,770,RB
Axel Witsel,Atlético Madrid,671,CB
Ayanda Sishuba,Hellas Verona,0,
Ayden Heaven,Arsenal,0,
Ayman Aiki,Saint-Étienne,127,RW
Ayman Azhil,Dortmund,24,CM
Aymen Barkok,Mainz 05,73,CM
Ayoze Pérez,Villarreal,734,FW
Ayyoub Bouaddi,Lille,585,DM
Azor Matusiwa,Rennes,1282,CM
Aïssa Mandi,Lille,1021,RB
Badredine Bouanani,Nice,640,AM
Bafodé Diakité,Lille,1530,CB
Bahereba Guirassy,Nantes,112,LW
Balthazar Pierret,Lecce,682,DM
Bamba Dieng,Angers,391,FW
Bamo Meïté,Marseille,26,CB
Baptiste Santamaria,Rennes,482,CM
Bart Verbruggen,Brighton & Hove Albion,1620,GK
Bastien Meupiyou,Wolverhampton Wanderers,0,
Becir Omeragic,Montpellier,930,CB
Ben Alexander Voll,St. Pauli,0,
Ben Brereton,Southampton,431,FW
Ben Davies,Tottenham Hotspur,271,CB
Ben Godfrey,Atalanta,23,WB
Ben Johnson,Ipswich Town,676,RB
Ben Lhassine Kone,Como,26,CM
Ben Mee,Brentford,176,CB
Ben Old,Saint-Étienne,376,CM
Ben Viadere,Auxerre,5,DM
Ben White,Arsenal,695,RB
Ben Winterburn,Bournemouth,9,AM
Bence Dárdai,Wolfsburg,544,CM
Benedict Hollerbach,Union Berlin,1171,AM
Benedikt Gimber,Heidenheim,1287,CB
Benedikt Pichler,Holstein Kiel,727,FW
Benito Ramírez,Las Palmas,302,LB
Benjamin André,Lille,1342,DM
Benjamin Arthur,Brentford,0,
Benjamin Bouchouari,Saint-Étienne,824,CM
Benjamin Bourigeaud,Rennes,80,RM
Benjamin Broggio,Aston Villa,0,
Benjamin Henrichs,RB Leipzig,935,WB
Benjamin Lecomte,Montpellier,1260,GK
Benjamin Nelson,Leicester City,0,
Benjamin Pavard,Internazionale,778,CB
Benjamin Šeško,RB Leipzig,1104,FW
Benjamín Domínguez,Bologna,365,LW
Bennit Bröger,Wolfsburg,0,
Benoît Badiashile,Chelsea,249,CB
Berat Djimsiti,Atalanta,1144,CB
Beres Owusu,Saint-Étienne,90,RB
Bernard Nguene,Nice,0,
Bernardo,Bochum,432,CB
Bernardo Silva,Manchester City,1646,CM
Bernd Leno,Fulham,1800,GK
Bertuğ Yıldırım,Getafe,862,FW
Beto,Everton,231,FW
Beñat Prados,Athletic Club,798,DM
Beñat Turrientes,Real Sociedad,561,CM
Bilal Brahimi,Nice,76,AM
Bilal El Khannouss,Leicester City,801,AM
Bilal Nadir,Marseille,68,AM
Billy Gilmour,Brighton & Hove Albion,98,DM
Billy Gilmour,Napoli,406,CM
Birama Touré,Montpellier,298,DM
Bjarki Bjarkason,Venezia,27,WB
Bob Murphy Omoregbe,Milan,3,RM
Bobby Reid,Leicester City,282,LW
Bohdan Popov,Empoli,0,
Bojan Miovski,Girona,637,FW
Borja Iglesias,Celta Vigo,1009,FW
Borja Mayoral,Getafe,158,FW
Borna Sosa,Torino,698,WB
Botond Balogh,Parma,1575,CB
Boubacar Kamara,Aston Villa,676,DM
Boubacar Traoré,Wolverhampton Wanderers,0,
Boubakar Kouyaté,Montpellier,124,CB
Boubakary Soumaré,Leicester City,835,DM
Boulaye Dia,Lazio,776,AM
Bradel Kiwa,Monaco,0,
Bradley Barcola,Paris Saint-Germain,1129,LW
Brahim Díaz,Real Madrid,609,RM
Brais Méndez,Real Sociedad,1009,CM
Brajan Gruda,Brighton & Hove Albion,322,RW
Brandon Austin,Tottenham Hotspur,90,GK
Breel Embolo,Monaco,907,FW
Brendan Chardonnet,Brest,1350,CB
Brennan Johnson,Tottenham Hotspur,1249,RW
Brenner,Udinese,305,FW
Brian Oliván,Espanyol,909,LB
Brice Maubleu,Saint-Étienne,0,
Brice Samba,Lens,1350,GK
Brice Samba,Rennes,90,GK
Brooke Norton-Cuffy,Genoa,106,RB
Bruno,Venezia,0,
Bruno Fernandes,Manchester United,1565,AM
Bruno Guimarães,Newcastle United,1744,CM
Bryan Cristante,Roma,770,DM
Bryan Gil,Girona,1130,LW
Bryan Mbeumo,Brentford,1794,RW
Bryan Zaragoza,Osasuna,1051,LW
Buba Sangaré,Roma,0,
Budu Zivzivadze,Heidenheim,90,FW
Bukayo Saka,Arsenal,1268,RW
Caio Henrique Oliveira Silva,Monaco,712,LB
Caleb Ekuban,Genoa,180,FW
Caleb Kporha,Crystal Palace,13,WB
Caleb Okoli,Leicester City,800,CB
Caleb Wiley,Strasbourg,266,LB
Callum Bates,Everton,0,
Callum Hudson-Odoi,Nottingham Forest,1406,LW
Callum Olusesi,Tottenham Hotspur,0,
Callum Wilson,Newcastle United,61,FW
Calvin Bassey,Fulham,1710,CB
Cameron Archer,Southampton,878,FW
Cameron Burgess,Ipswich Town,810,CB
Can Uzun,Eintracht Frankfurt,243,AM
Caoimhín Kelleher,Liverpool,720,GK
Carl Johansson,Holstein Kiel,365,CB
Carl Klaus,Union Berlin,0,
Carl Rushworth,Brighton & Hove Albion,0,
Carl Starfelt,Celta Vigo,1446,CB
Carlens Arcus,Angers,1351,RB
Carles Aleñá,Getafe,373,AM
Carles Pérez,Getafe,1078,RM
Carlo Boukhalfa,St. Pauli,1006,CM
Carlo Pinsoglio,Juventus,0,
Carlos Alcaraz,Southampton,10,CM
Carlos Augusto,Internazionale,489,CB
Carlos Baleba,Brighton & Hove Albion,1252,DM
Carlos Benavídez,Alavés,232,DM
Carlos Dominguez,Celta Vigo,435,CB
Carlos Forbs,Wolverhampton Wanderers,224,AM
Carlos Guirao,Leganés,0,
Carlos Guirao,Real Betis,110,DM
Carlos Gómez,Rennes,280,RM
Carlos Martín,Alavés,678,LW
Carlos Miguel,Nottingham Forest,0,
Carlos Romero,Espanyol,1051,LB
Carlos Soler,Paris Saint-Germain,0,
Carlos Soler,West Ham United,587,AM
Carlos Vicente,Alavés,1593,RW
Carlos Vinícius,Fulham,4,AM
Carmona,Sevilla,1570,RB
Casemiro,Manchester United,837,DM
Casper Tengstedt,Hellas Verona,1045,FW
Castello Lukeba,RB Leipzig,732,CB
Català,Espanyol,0,
Catena,Osasuna,1530,CB
Cedric Zesiger,Wolfsburg,522,CB
Cenk Özkacar,Valencia,0,
Cenk Özkacar,Valladolid,196,CB
Cesare Casadei,Chelsea,0,
Chadi Riad,Crystal Palace,90,CB
Charalambos Lykogiannis,Bologna,428,LB
Charles De Ketelaere,Atalanta,759,AM
Charlie Cresswell,Toulouse,1243,CB
Charlie Taylor,Southampton,266,LB
Che Adams,Torino,1123,FW
Cheick Doucouré,Crystal Palace,381,CM
Cheick Oumar Conde,Venezia,3,CM
Cheikh Fall,Saint-Étienne,0,
Chema,Real Madrid,0,
Chidera Ejuke,Sevilla,543,LW
Chiedozie Ogbene,Ipswich Town,238,RW
Chiquinho,Mallorca,145,LW
Chiquinho,Wolverhampton Wanderers,7,LM
Chris Führich,Stuttgart,844,LW
Chris Richards,Crystal Palace,625,CB
Chris Smalling,Roma,0,
Chris Wood,Nottingham Forest,1573,FW
Chrisantus Uche,Getafe,1399,FW
Chrislain Matsima,Augsburg,947,CB
Christian Corradi,Hellas Verona,0,
Christian Eriksen,Manchester United,625,DM
Christian Früchtl,Lecce,0,
Christian Gytkjær,Venezia,245,FW
Christian Günter,Freiburg,1373,LB
Christian Kabasele,Udinese,832,CB
Christian Kouamé,Fiorentina,569,AM
Christian Mawissa,Monaco,470,LB
Christian Nørgaard,Brentford,1379,CM
Christian Pehlivanov,Lecce,0,
Christian Pulisic,Milan,525,RW
Christian Walton,Ipswich Town,270,GK
Christoph Baumgartner,RB Leipzig,832,AM
Christopher Lenz,Hoffenheim,0,
Christopher Nkunku,Chelsea,402,FW
Christopher Operi,Le Havre,1169,LB
Christopher Trimmel,Union Berlin,856,WB
Christopher Wooh,Rennes,965,CB
Christos Alexiou,Internazionale,0,
Christos Mandas,Lazio,0,
Christos Papadopoulos,Genoa,0,
Christos Papadopoulos,Juventus,0,
Chuky san jose,Valladolid,89,CM
Cieran Slicker,Ipswich Town,0,
Claudio Turi,Napoli,0,
Clinton Mata,Lyon,1177,CB
Clément Akpa,Auxerre,1246,CB
Clément Lenglet,Atlético Madrid,833,CB
Coba da Costa,Getafe,346,LM
Cody Gakpo,Liverpool,990,LW
Cole Campbell,Dortmund,22,LB
Cole Palmer,Chelsea,1747,AM
Coli Saco,Napoli,0,
Connor Metcalfe,St. Pauli,227,CM
Conor Bradley,Liverpool,241,RB
Conor Chaplin,Ipswich Town,614,AM
Conor Coady,Leicester City,712,CB
Conor Gallagher,Atlético Madrid,857,CM
Conor Townsend,Ipswich Town,1,CM
Copete,Mallorca,522,CB
Corentin Tolisso,Lyon,1070,CM
Côme Bianay Balcot,Torino,0,
Craig Dawson,Wolverhampton Wanderers,804,CB
Craig Mamilo,Montpellier,0,
Cristhian Mosquera,Valencia,1699,CB
Cristhian Stuani,Girona,303,FW
Cristian Cásseres Jr.,Toulouse,1283,CM
Cristian Gamboa,Bochum,121,RB
Cristian Romero,Tottenham Hotspur,884,CB
Cristiano Biraghi,Fiorentina,343,CB
Crysencio Summerville,West Ham United,661,LM
Curtis Jones,Liverpool,869,AM
Cyle Larin,Mallorca,985,FW
Cyril Ngonge,Napoli,129,RW
Cárdenas,Rayo Vallecano,450,GK
Cédric Bakambu,Real Betis,341,FW
Cédric Hountondji,Angers,270,CB
Cédric Kipré,Reims,1062,CB
César Azpilicueta,Atlético Madrid,480,CB
César Fernández,Celta Vigo,0,
César Tárrega,Valencia,1406,CB
César de la Hoz,Valladolid,0,
Daichi Kamada,Crystal Palace,747,CM
Dailon Livramento,Hellas Verona,333,FW
Daler Kuzyaev,Le Havre,567,CM
Daley Blind,Girona,1266,CB
Daley Sinkgraven,Las Palmas,91,LB
Damián Pizarro,Udinese,0,
Damián Rodríguez,Celta Vigo,622,CM
Dan Burn,Newcastle United,1710,CB
Dan Ndoye,Bologna,565,LW
Dan-Axel Zagadou,Stuttgart,29,AM
Danel Sinani,St. Pauli,323,CM
Dango Ouattara,Bournemouth,883,LW
Dani Carvajal,Real Madrid,609,RB
Dani Ceballos,Real Madrid,507,DM
Dani Gómez,Valencia,532,FW
Dani Olmo,Barcelona,623,AM
Dani Raba,Leganés,521,RW
Dani Rodríguez,Mallorca,1025,FW
Dani de Wit,Bochum,733,CM
Daniel Bandeira,Hellas Verona,336,CM
Daniel Batz,Mainz 05,0,
Daniel Bentley,Wolverhampton Wanderers,0,
Daniel Gleiber,Mainz 05,0,
Daniel Iversen,Leicester City,0,
Daniel Jebbison,Bournemouth,28,FW
Daniel Klein,Augsburg,0,
Daniel Luna,Mallorca,20,RM
Daniel Maldini,Monza,883,AM
Daniel Mikołajewski,Parma,0,
Daniel Mosquera,Hellas Verona,558,FW
Daniel Muñoz,Crystal Palace,1623,WB
Daniel Parejo,Villarreal,1164,CM
Daniel Peretz,Bayern Munich,270,GK
Daniel Podence,Wolverhampton Wanderers,48,AM
Daniel Requena,Villarreal,0,
Daniel Vivian,Athletic Club,1315,CB
Daniel Yáñez,Real Madrid,2,RW
Daniele Baselli,Como,22,CM
Daniele Ghilardi,Hellas Verona,730,CB
Daniele Padelli,Udinese,0,
Daniele Sommariva,Genoa,0,
Danilho Doekhi,Union Berlin,1440,CB
Danilo,Juventus,311,CB
Danilo,Nottingham Forest,14,DM
Danilo Cataldi,Fiorentina,802,DM
Danilo Cataldi,Lazio,0,
Danilo D'Ambrosio,Monza,448,CB
Danny Ings,West Ham United,166,FW
Danny Ward,Leicester City,135,GK
Danny Welbeck,Brighton & Hove Albion,1112,FW
Danny da Costa,Mainz 05,534,CB
Dante,Nice,834,CB
Dany Mota,Monza,813,AM
Daouda Traoré,Nice,0,
Dara O'Shea,Ipswich Town,1502,CB
Daren Mosengo,Le Havre,0,
Dario Daka,Lecce,0,
Dario Essugo,Las Palmas,1030,DM
Darius Fălcușan,Empoli,0,
Darko Brašanac,Leganés,954,DM
Darko Lazović,Hellas Verona,826,WB
Darryl Bakola,Marseille,12,CB
Darwin Machís,Valladolid,304,LW
Darwin Núñez,Liverpool,755,FW
Darío Fuentes,Sevilla,5,RB
David Akpan Ankeye,Genoa,36,FW
David Argüelles,Getafe,7,LM
David Brooks,Bournemouth,265,RW
David Costa,Lens,328,AM
David Jiménez,Real Madrid,0,
David Jurásek,Hoffenheim,166,LB
David Lelle,Dortmund,0,
David López,Girona,1567,CB
David Mokwa,Hoffenheim,0,
David Nemeth,St. Pauli,533,CB
David Neres,Napoli,547,LW
David Odogu,Wolfsburg,0,
David Otorbi,Valencia,14,LM
David Pejičić,Udinese,0,
David Raum,RB Leipzig,558,LB
David Raya,Arsenal,1800,GK
David Soria,Getafe,1710,GK
David Torres,Valladolid,823,CB
David Zec,Holstein Kiel,90,CB
David de Gea,Fiorentina,1350,GK
Davide Bartesaghi,Milan,5,LB
Davide Bettella,Monza,0,
Davide Bifulco,Monza,0,
Davide Calabria,Milan,240,RB
Davide Faraoni,Hellas Verona,94,RB
Davide Frattesi,Internazionale,514,CM
Davide Zappacosta,Atalanta,820,WB
Dawda Camara,Girona,0,
Dawid Bembnista,Empoli,0,
Dayann Methalie,Toulouse,0,
Dayot Upamecano,Bayern Munich,1249,CB
Dean Henderson,Crystal Palace,1800,GK
Dean Huijsen,Bournemouth,884,CB
Declan Rice,Arsenal,1385,CM
Dehmaine Assoumani,Nantes,40,AM
Deiver Machado,Lens,707,WB
Dejan Kulusevski,Tottenham Hotspur,1320,RM
Denis Genreau,Toulouse,63,AM
Denis Petrić,Lens,0,
Denis Suárez,Villarreal,238,LM
Denis Thomalla,Heidenheim,4,AM
Denis Vavro,Wolfsburg,991,CB
Denis Zakaria,Monaco,925,DM
Deniz Undav,Stuttgart,673,FW
Dennis Appiah,Saint-Étienne,1199,RB
Dennis Geiger,Hoffenheim,242,CM
Dennis Man,Parma,827,RW
Denzel Dumfries,Internazionale,915,WB
Derek Cornelius,Marseille,722,CB
Derrick Köhn,Werder Bremen,860,WB
Destiny Udogie,Tottenham Hotspur,1267,LB
Devis Vásquez,Empoli,1710,GK
Diadie Samassékou,Hoffenheim,246,CM
Diego,Leganés,417,FW
Diego Aguado,Real Madrid,0,
Diego Carlos,Aston Villa,830,CB
Diego Conde,Villarreal,1332,GK
Diego Coppola,Hellas Verona,1395,CB
Diego Ferrer,Getafe,0,
Diego Kochen,Barcelona,0,
Diego Llorente,Real Betis,1584,CB
Diego López,Valencia,1424,RM
Diego Moreira,Strasbourg,1362,LB
Diego Méndez,Rayo Vallecano,0,
Diego Pugno,Juventus,7,FW
Diego Rico,Getafe,1437,LB
Dilane Bakwa,Strasbourg,1478,RM
Dimitri Foulquier,Valencia,1090,RB
Dimitrios Stamatakis,Osasuna,0,
Dimitris Giannoulis,Augsburg,1155,WB
Dimitry Bertaud,Montpellier,270,GK
Dinko Horkaš,Las Palmas,211,GK
Diogo Dalot,Manchester United,1766,WB
Diogo Jota,Liverpool,604,FW
Diogo Leite,Union Berlin,1268,CB
Divin Mubama,Manchester City,0,
Djaoui Cissé,Rennes,0,
Djed Spence,Tottenham Hotspur,334,LB
Djené,Getafe,1352,CB
Djibril Sidibé,Toulouse,1088,CB
Djibril Sow,Sevilla,824,AM
Djordjije Medenica,Getafe,0,
Djylian N'Guessan,Saint-Étienne,5,FW
Dodi Lukebakio,Sevilla,1540,RW
Dodô,Fiorentina,1260,RB
Domagoj Bradarić,Hellas Verona,637,LB
Domen Črnigoj,Venezia,122,CM
Domingos André Ribeiro Almeida,Valencia,859,CM
Domingos Duarte,Getafe,362,CB
Dominic Calvert-Lewin,Everton,1382,FW
Dominic Solanke,Tottenham Hotspur,1257,FW
Dominic Vavassori,Atalanta,0,
Dominik Greif,Mallorca,1260,GK
Dominik Javorček,Holstein Kiel,92,LB
Dominik Kohr,Mainz 05,1332,CB
Dominik Szoboszlai,Liverpool,1132,AM
Donny van de Beek,Girona,942,AM
Donovan Léon,Auxerre,1350,GK
Donyell Malen,Dortmund,614,RM
Douglas,Nantes,1296,DM
Douglas Luiz,Juventus,299,DM
Drissa Camara,Parma,146,LW
Duje Ćaleta-Car,Lyon,1247,CB
Duván Zapata,Torino,587,FW
Dušan Vlahović,Juventus,1320,FW
Dwight McNeil,Everton,1140,AM
Dylan Batubinsika,Saint-Étienne,1404,CB
Désiré Doué,Paris Saint-Germain,616,LW
Eberechi Eze,Crystal Palace,1336,AM
Ed McJannet,Lecce,0,
Edan Diop,Monaco,0,
Eddie Nketiah,Arsenal,0,
Eddie Nketiah,Crystal Palace,584,AM
Eddy Kouadio,Fiorentina,0,
Ederson,Manchester City,1170,GK
Edhy Zuliani,Toulouse,0,
Edimilson Fernandes,Brest,602,CM
Edmond Tapsoba,Bayer Leverkusen,1435,CB
Edmond-Paris Maghoma,Brentford,78,LM
Edoardo Bove,Fiorentina,566,DM
Edoardo Bove,Roma,0,
Edoardo Corvi,Parma,0,
Edoardo Goldaniga,Como,946,CB
Edoardo Piana,Udinese,0,
Edoardo Zaia,Torino,0,
Edon Zhegrova,Lille,978,RW
Edson Álvarez,West Ham United,807,DM
Edu Expósito,Espanyol,45,CM
Eduard Sobol,Strasbourg,49,LB
Eduardo Camavinga,Real Madrid,520,CM
Egoitz Arana,Real Sociedad,0,
Egoitz Muñoz,Alavés,0,
El Bilal Touré,Stuttgart,314,FW
El Chadaille Bitshiabu,RB Leipzig,223,CB
Elayis Tavsan,Hellas Verona,0,
Eldor Shomurodov,Roma,127,FW
Elia Caprile,Cagliari,90,GK
Elia Caprile,Napoli,325,GK
Elia Plicco,Parma,0,
Elias Saad,St. Pauli,343,LW
Eliesse Ben Seghir,Monaco,1136,AM
Elif Elmas,RB Leipzig,44,CM
Eliot Matazo,Monaco,68,DM
Elisha Owusu,Auxerre,1390,CM
Elliot Anderson,Nottingham Forest,1201,DM
Ellyes Skhiri,Eintracht Frankfurt,989,CM
Elseid Hysaj,Lazio,28,LB
Elvis Rexhbeçaj,Augsburg,1112,CM
Elye Wahi,Marseille,574,FW
Emanuel Emegha,Strasbourg,959,FW
Emanuele Valeri,Parma,1308,LB
Emerson,Milan,1124,RB
Emerson Palmieri,West Ham United,1088,LB
Emi Buendía,Aston Villa,70,AM
Emil Audero,Como,720,GK
Emil Bohinen,Genoa,166,CM
Emil Holm,Bologna,578,RB
Emil Krafth,Newcastle United,241,CB
Emil Staugaard,St. Pauli,0,
Emile Smith Rowe,Fulham,1136,AM
Emiliano Martínez,Aston Villa,1755,GK
Emmanuel Agbadou,Reims,1260,CB
Emmanuel Biumla,Angers,913,CB
Emmanuel Ekong,Empoli,165,AM
Emmanuel Gyasi,Empoli,977,WB
Emmanuel Koum Mbondo,Marseille,12,WB
Emmanuel Sabbi,Le Havre,531,AM
Emre Can,Dortmund,783,CB
Endrick,Real Madrid,91,FW
Endris Scaramelli,Monza,0,
Eneko Ortiz,Alavés,0,
Enes Ünal,Bournemouth,345,FW
Enric Franquesa,Leganés,616,LB
Enric García,Girona,0,
Enrico Del Prato,Parma,856,CB
Enzo Barrenechea,Valencia,898,CM
Enzo Boyomo,Osasuna,1412,CB
Enzo Boyomo,Valladolid,270,CB
Enzo Ebosse,Udinese,90,CB
Enzo Fernández,Chelsea,1422,DM
Enzo Le Fée,Roma,318,CM
Enzo Loiodice,Las Palmas,291,CM
Enzo Millot,Stuttgart,1089,AM
Enzo Molebe,Lyon,0,
Enzo Sternal,Marseille,24,AM
Enzo Tchato,Montpellier,1144,RB
Eray Cömert,Valladolid,1073,CB
Eren Dinkçi,Freiburg,696,AM
Erencan Yardimci,Hoffenheim,45,DM
Erhan Mašović,Bochum,576,CB
Eric Bailly,Villarreal,579,CB
Eric Dier,Bayern Munich,208,CB
Eric García,Barcelona,536,CM
Eric Oelschlägel,St. Pauli,0,
Eric Smith,St. Pauli,1297,CB
Eric da Silva Moreira,Nottingham Forest,30,RB
Erik Ahlstrand,St. Pauli,43,RW
Erling Haaland,Manchester City,1792,FW
Ermedin Demirović,Stuttgart,1029,FW
Ernest Nuamah,Lyon,455,RW
Eros Maddy,Auxerre,8,LB
Esteban Lepaul,Angers,371,FW
Ethan Mbappé,Lille,77,AM
Ethan Nwaneri,Arsenal,239,RM
Ethan Pinnock,Brentford,1440,CB
Ethan Wheatley,Manchester United,0,
Etienne Eto'o,Rayo Vallecano,0,
Etienne Youte Kinkoue,Le Havre,1127,CB
Evan Ferguson,Brighton & Hove Albion,228,FW
Evanilson,Bournemouth,1370,FW
Evann Guessand,Nice,1454,FW
Everton Pereira,Nice,0,
Exequiel Palacios,Bayer Leverkusen,351,CM
Eybi Nije,Torino,272,FW
Ezequiel Ávila,Real Betis,574,FW
Ezra Mayers,West Ham United,0,
Ezri Konsa,Aston Villa,1541,CB
Fabian Bredlow,Stuttgart,0,
Fabian Rieder,Stuttgart,637,AM
Fabian Schär,Newcastle United,1467,CB
Fabiano Parisi,Fiorentina,312,LB
Fabien Centonze,Nantes,78,RB
Fabio Carvalho,Brentford,428,LW
Fabio Chiarodia,Mönchengladbach,48,LB
Fabio González,Las Palmas,53,CM
Fabio Miretti,Genoa,687,CM
Fabián Ruiz Peña,Paris Saint-Germain,884,LM
Facundo Buonanotte,Leicester City,1047,RW
Facundo Garcés,Alavés,0,
Facundo Medina,Lens,1322,CB
Faik Sakar,RB Leipzig,1,CM
Falaye Sacko,Montpellier,850,LB
Fares Chaïbi,Eintracht Frankfurt,612,FW
Farid El Melali,Angers,1083,LW
Faride Alidou,Hellas Verona,12,FW
Faris Pemi Moumbagna,Marseille,8,FW
Faustino Anjorin,Empoli,891,CM
Federico Accornero,Genoa,5,CM
Federico Barba,Como,431,CB
Federico Baschirotto,Lecce,1710,CB
Federico Brancolini,Empoli,0,
Federico Cassa,Atalanta,14,AM
Federico Chiesa,Liverpool,19,FW
Federico Chinetti,Como,0,
Federico Dimarco,Internazionale,1174,WB
Federico Gatti,Juventus,1389,CB
Federico Magro,Hellas Verona,0,
Federico Nardin,Roma,0,
Federico Ravaglia,Bologna,540,GK
Federico Steffanoni,Atalanta,0,
Federico Valverde,Real Madrid,1650,DM
Felix Agu,Werder Bremen,799,WB
Felix Nmecha,Dortmund,959,DM
Felix Passlack,Bochum,1316,RB
Fellipe Jack,Como,13,CB
Fer López,Celta Vigo,42,RW
Ferdi Kadioglu,Brighton & Hove Albion,385,LB
Ferland Mendy,Real Madrid,831,LB
Fermin López,Barcelona,396,AM
Fernando Calero,Espanyol,198,CB
Fernando Pacheco,Espanyol,0,
Ferrán Ruiz,Girona,18,DM
Ferrán Torres,Barcelona,517,LW
Festy Ebosele,Udinese,0,
Fikayo Tomori,Milan,636,CB
Filip Jørgensen,Chelsea,180,GK
Filip Marchwiński,Lecce,15,DM
Filip Stankovic,Venezia,1170,GK
Filipe Bordon,Lazio,0,
Filippo Mane,Dortmund,0,
Filippo Melegoni,Genoa,89,CM
Filippo Pagnucco,Juventus,0,
Filippo Terracciano,Milan,403,DM
Finley Stevens,St. Pauli,0,
Finn Dahmen,Augsburg,90,GK
Finn Ole Becker,Hoffenheim,0,
Finn Porath,Holstein Kiel,1136,WB
Fisayo Dele-Bashiru,Lazio,300,LM
Flavius Daniliuc,Hellas Verona,479,CB
Florent Hanin,Angers,1235,LB
Florent Mollet,Nantes,165,CM
Florent Muslija,Freiburg,168,LW
Florian Ayé,Auxerre,312,FW
Florian Grillitsch,Hoffenheim,601,CM
Florian Lejeune,Rayo Vallecano,1705,CB
Florian Micheler,Hoffenheim,32,CM
Florian Müller,Freiburg,180,GK
Florian Neuhaus,Mönchengladbach,92,AM
Florian Sotoca,Lens,908,FW
Florian Tardieu,Saint-Étienne,170,CM
Florian Thauvin,Udinese,1103,FW
Florian Wirtz,Bayer Leverkusen,1230,AM
Flynn Downes,Southampton,1219,CM
Folarin Balogun,Monaco,469,FW
Fortuño,Espanyol,0,
Fran,Real Madrid,0,
Fran Beltrán,Celta Vigo,1154,CM
Fran Garcia,Real Madrid,767,LB
Fran Vieites,Real Betis,360,GK
Francesco Acerbi,Internazionale,670,CB
Francesco Andrealli,Como,0,
Francesco Camarda,Milan,110,FW
Francesco Caputo,Empoli,6,FW
Francesco Gioielli,Napoli,0,
Francesco Mezzoni,Napoli,0,
Francesco Plaia,Torino,0,
Francesco Rossi,Atalanta,0,
Francesco Zampano,Venezia,1295,WB
Francis Onyeka,Bayer Leverkusen,0,
Francisco Conceição,Juventus,832,RW
Francisco Perez,Valencia,194,RM
Franck Honorat,Mönchengladbach,984,RW
Franco Carboni,Venezia,132,WB
Franco Cervi,Celta Vigo,99,LW
Franco Umeh-Chibueze,Crystal Palace,0,
Frank Feller,Heidenheim,0,
Frank Magri,Toulouse,393,FW
Frank Onyeka,Augsburg,1171,CM
Frank Onyeka,Brentford,25,CM
Frans Krätzig,Heidenheim,72,LW
Frans Krätzig,Stuttgart,56,LB
Franz Stolz,Genoa,0,
Fraser Forster,Tottenham Hotspur,450,GK
Frederic Guilbert,Lecce,883,RB
Frederik Rønnow,Union Berlin,1260,GK
Fredrik Jensen,Augsburg,125,AM
Frenkie de Jong,Barcelona,235,DM
Fábio Silva,Las Palmas,1045,FW
Félix Lemaréchal,Strasbourg,436,FW
Gabin Capuano,Lens,11,RW
Gabriel Bares,Montpellier,56,DM
Gabriel Charpentier,Parma,271,FW
Gabriel Gudmundsson,Lille,1079,LB
Gabriel Jesus,Arsenal,608,FW
Gabriel Magalhães,Arsenal,1538,CB
Gabriel Martinelli,Arsenal,1171,LW
Gabriel Moscardo,Reims,32,DM
Gabriel Osei Misehouy,Girona,222,FW
Gabriel Osho,Auxerre,1003,CB
Gabriel Strefezza,Como,1205,RW
Gabriel Suazo,Toulouse,913,WB
Gabriel Vidovic,Mainz 05,4,CM
Gabriele Guarino,Empoli,0,
Gabriele Zappa,Cagliari,1665,CB
Gaby Jean,Lecce,354,CB
Gael Lafont,Marseille,0,
Gaetano Castrovilli,Lazio,129,AM
Gaetano Oristanio,Venezia,1218,AM
Gastón Pereiro,Cagliari,0,
Gastón Pereiro,Genoa,31,CM
Gauthier Gallon,Rennes,45,GK
Gautier Larsonneur,Saint-Étienne,1530,GK
Gautier Lloris,Le Havre,1529,CB
Gavi,Barcelona,260,DM
Gaëtan Laborde,Nice,545,FW
Gaëtan Perrin,Auxerre,1191,AM
Gennaro Iaccarino,Napoli,0,
Geoffrey Kondogbia,Marseille,1100,CB
George Edmundson,Ipswich Town,2,CB
George Hirst,Ipswich Town,180,FW
George Ilenikhena,Monaco,548,FW
Georges Mikautadze,Lyon,610,FW
Georginio Rutter,Brighton & Hove Albion,1082,AM
Gerard Gumbau,Rayo Vallecano,450,CM
Gerard Martín,Barcelona,390,LB
Gerard Moreno,Villarreal,375,FW
Germán García,Real Betis,0,
Germán Valera,Valencia,148,LM
Gerrit Holtmann,Bochum,371,LB
Gerónimo Rulli,Marseille,1530,GK
Gerónimo Spina,Atlético Madrid,0,
Giacomo Raspadori,Napoli,273,FW
Giangiacomo Magnani,Hellas Verona,1040,CB
Gianluca Busio,Venezia,814,CM
Gianluca Caprari,Monza,771,AM
Gianluca Di Chiara,Parma,0,
Gianluca Gaetano,Cagliari,439,AM
Gianluca Gaetano,Napoli,0,
Gianluca Lapadula,Cagliari,212,FW
Gianluca Mancini,Roma,1658,CB
Gianluigi Donnarumma,Paris Saint-Germain,1101,GK
Gideon Mensah,Auxerre,1015,WB
Gift Orban,Hoffenheim,59,FW
Gift Orban,Lyon,186,FW
Gino Infantino,Fiorentina,0,
Gio Reyna,Dortmund,129,AM
Giorgi Mamardashvili,Valencia,1350,GK
Giorgio Altare,Venezia,753,CB
Giorgio De Marzi,Roma,0,
Giorgio Scalvini,Atalanta,55,CB
Giorgos Kyriakopoulos,Monza,1170,WB
Giovani Lo Celso,Real Betis,944,AM
Giovanni Di Lorenzo,Napoli,1620,RB
Giovanni Fabbian,Bologna,444,AM
Giovanni Leoni,Parma,278,CB
Giovanni Simeone,Napoli,290,FW
Giuliano Simeone,Atlético Madrid,687,RM
Giuseppe Ciocci,Cagliari,0,
Giuseppe Mazzaglia,Como,0,
Giuseppe Pezzella,Empoli,1099,WB
Gleison Bremer,Juventus,540,CB
Glen Kamara,Rennes,662,CM
Glenn Ngosso,Montpellier,0,
Goduine Koyalipou,Lens,67,FW
Godwill Kukonki,Manchester United,0,
Gonzalo García,Real Madrid,0,
Gonzalo Montiel,Sevilla,113,LB
Gonçalo Guedes,Wolverhampton Wanderers,442,AM
Gonçalo Ramos,Paris Saint-Germain,251,FW
Gorka Guruzeta,Athletic Club,977,FW
Gorka Rivera Alonso,Getafe,20,LM
Granit Xhaka,Bayer Leverkusen,1440,CM
Grant Ranos,Mönchengladbach,10,RW
Gregor Kobel,Dortmund,1260,GK
Grigoris Kastanos,Hellas Verona,439,AM
Grischa Prömel,Hoffenheim,174,CM
Grégoire Coudert,Brest,90,GK
Guela Doué,Strasbourg,1440,RB
Guglielmo Vicario,Tottenham Hotspur,990,GK
Guido Rodríguez,West Ham United,750,DM
Guillaume Restes,Toulouse,1511,GK
Guillem Cortiñas,Getafe,0,
Guillermo Fernandez,Barcelona,0,
Guillermo Maripán,Monaco,0,
Guillermo Maripán,Torino,720,CB
Guimissongui Ouattara,Strasbourg,69,RW
Gustav Isaksen,Lazio,1034,RW
Gvidas Gineitis,Torino,595,CM
Habib Diarra,Strasbourg,1370,AM
Hafiz Ibrahim,Reims,0,
Hakan Çalhanoğlu,Internazionale,871,CM
Hamari Traoré,Real Sociedad,311,RB
Hamed Junior Traorè,Auxerre,1174,AM
Hamed Junior Traorè,Bournemouth,0,
Hamza Choudhury,Leicester City,131,RB
Hamza Rafia,Lecce,923,AM
Hamzat Ojediran,Lens,334,CM
Han-Noah Massengo,Auxerre,26,CM
Hans Hateboer,Rennes,1109,CB
Hans Nicolussi Caviglia,Venezia,1339,CM
Haris Belkebla,Angers,1083,DM
Haris Tabakovic,Hoffenheim,312,FW
Harrison Armstrong,Everton,48,DM
Harrison Reed,Fulham,61,DM
Harry Amass,Manchester United,0,
Harry Clarke,Ipswich Town,379,RB
Harry Kane,Bayern Munich,1137,FW
Harry Maguire,Manchester United,810,CB
Harry Toffolo,Nottingham Forest,47,LB
Harry Wilson,Fulham,614,RW
Harry Winks,Leicester City,1148,DM
Harvey Barnes,Newcastle United,782,LW
Harvey Davies,Liverpool,0,
Harvey Elliott,Liverpool,48,LW
Hassane Kamara,Udinese,836,WB
Hauke Wahl,St. Pauli,1440,CB
Henri Koudossou,Augsburg,439,WB
Henrik Meister,Rennes,63,FW
Henrikh Mkhitaryan,Internazionale,1299,CM
Henry Cartwright,Leicester City,0,
Hernani,Parma,99,AM
Hervé Boua Dié,Lens,0,
Hervé Koffi,Lens,180,GK
Hianga Mananga Mbock,Brest,21,CM
Hicham Boudaoui,Nice,1161,CM
Himad Abdelli,Angers,1509,AM
Honest Ahanor,Genoa,85,WB
Hong Hyunseok,Mainz 05,369,AM
Horaţiu Moldovan,Atlético Madrid,0,
Hugo Barbet,Nantes,0,
Hugo Cuenca,Milan,0,
Hugo Duro,Valencia,1294,FW
Hugo Ekitike,Eintracht Frankfurt,1077,FW
Hugo Guillamón,Valencia,359,CM
Hugo Larsson,Eintracht Frankfurt,1061,CM
Hugo Magnetti,Brest,1171,LM
Hugo Novoa,Alavés,222,FW
Hugo Sotelo,Celta Vigo,626,CM
Hugo Álvarez,Celta Vigo,1236,LM
Hwang Hee-chan,Wolverhampton Wanderers,427,AM
Hákon Arnar Haraldsson,Lille,522,AM
Hákon Rafn Valdimarsson,Brentford,55,GK
Héctor Bellerín,Real Betis,524,RB
Héctor Fort,Barcelona,275,RB
Iago Aspas,Celta Vigo,1206,RW
Ian Maatsen,Aston Villa,313,LB
Ibrahim Kanté,Brest,0,
Ibrahim Mbaye,Paris Saint-Germain,87,RW
Ibrahim Salah,Brest,335,LW
Ibrahim Sangaré,Nottingham Forest,212,DM
Ibrahim Sissoko,Saint-Étienne,802,FW
Ibrahim Sulemana,Atalanta,30,CM
Ibrahima Konaté,Liverpool,1064,CB
Ibrahima Niane,Angers,695,FW
Ibrahima Sissoko,Bochum,1256,CM
Ibrahima Wadji,Saint-Étienne,104,RM
Idrissa Gana Gueye,Everton,1397,DM
Ifechukwu Ogbus,Freiburg,19,LB
Ifenna Dorgu,Genoa,0,
Iglesias,Getafe,1427,RB
Ignace Van Der Brempt,Como,734,RB
Ignatius Ganago,Nantes,241,FW
Igor,Brighton & Hove Albion,903,CB
Igor Matanovic,Eintracht Frankfurt,294,FW
Igor Miladinović,Saint-Étienne,17,RW
Igor Zubeldia,Real Sociedad,1385,CB
Ike Orazi,Reims,0,
Iker Almena,Girona,48,RW
Iker Bachiller,Leganés,0,
Iker Benito,Osasuna,37,LM
Iker Bravo,Udinese,237,FW
Iker Córdoba,Valencia,6,LB
Iker Losada,Real Betis,336,AM
Iker Muñoz,Osasuna,178,CM
Iker Álvarez,Villarreal,0,
Ilaix Moriba,Celta Vigo,962,CM
Ilias Akhomach,Villarreal,584,RM
Ilias Kostis,Atlético Madrid,0,
Iliesse Salhi,Nice,0,
Iliman Ndiaye,Everton,1516,LW
Illia Zabarnyi,Bournemouth,1800,CB
Ilyes Housni,Le Havre,197,FW
Imari Samuels,Brighton & Hove Albion,0,
Irvin Cardona,Espanyol,606,FW
Isaac Palazón Camacho,Rayo Vallecano,1125,FW
Isaac Romero,Sevilla,1230,FW
Isak Hansen-Aarøen,Werder Bremen,0,
Isak Hien,Atalanta,1102,CB
Isco,Real Betis,187,AM
Ismael Bekhoucha,Getafe,0,
Ismael Konate,Empoli,6,CB
Ismail Jakobs,Monaco,180,LB
Ismaila Sarr,Crystal Palace,1274,AM
Ismaily,Lille,164,LB
Ismaël Bennacer,Milan,58,DM
Ismaël Doukouré,Strasbourg,1239,CM
Ismaël Koné,Marseille,360,AM
Ismaëlo Ganiou,Lens,0,
Ismaïl Bouneb,Le Havre,0,
Ismeal Kabia,Arsenal,0,
Israel Domínguez,Sevilla,18,LW
Issa Diop,Fulham,1068,CB
Issa Doumbia,Venezia,263,CM
Issa Kaboré,Manchester City,0,
Issa Kaboré,Werder Bremen,24,LW
Issa Soumaré,Le Havre,631,FW
Issiaga Camara,Nice,20,CM
Issiaga Sylla,Montpellier,843,LB
Issiaka Touré,Saint-Étienne,0,
Ivan Ilić,Torino,716,CM
Ivan Ordets,Bochum,787,CB
Ivan Provedel,Lazio,1710,GK
Ivan Prtajin,Union Berlin,18,FW
Iván Balliu,Rayo Vallecano,703,RB
Iván Cuéllar,Mallorca,0,
Iván Gil,Las Palmas,0,
Iván Martín,Girona,1081,CM
Iván Sánchez,Valladolid,746,RM
Iván Villar,Celta Vigo,360,GK
Iñaki Peña,Barcelona,1216,GK
Iñaki Rupérez,Real Sociedad,0,
Iñaki Williams,Athletic Club,1467,RW
Iñigo Lekue,Athletic Club,373,RB
Iñigo Martínez,Barcelona,1600,CB
Iñigo Ruiz de Galarreta,Athletic Club,884,DM
Jack Clarke,Ipswich Town,535,LW
Jack Fletcher,Manchester United,0,
Jack Grealish,Manchester City,580,LW
Jack Harrison,Everton,939,RW
Jack Hinshelwood,Brighton & Hove Albion,840,CM
Jack Stephens,Southampton,734,CB
Jack Taylor,Ipswich Town,366,DM
Jackson Irvine,St. Pauli,1440,CM
Jackson Porozo,Leganés,0,
Jackson Tchatchoua,Hellas Verona,939,WB
Jacob Bruun Larsen,Hoffenheim,400,WB
Jacob Bruun Larsen,Stuttgart,30,RM
Jacob Greaves,Ipswich Town,990,CB
Jacob Murphy,Newcastle United,1024,RW
Jacob Ramsey,Aston Villa,719,LW
Jacob Slater,Brighton & Hove Albion,0,
Jacob Wright,Manchester City,0,
Jacobo Ramón,Real Madrid,0,
Jacopo Bacci,Empoli,0,
Jacopo Fazzini,Empoli,493,CM
Jacopo Seghetti,Empoli,90,GK
Jacques Ekomie,Angers,289,LB
Jaden Philogene Bidace,Aston Villa,332,RW
Jadon Sancho,Chelsea,871,LW
Jahmai Simpson-Pusey,Manchester City,96,CB
Jaidon Anthony,Bournemouth,0,
Jailson Siqueira,Celta Vigo,451,CB
Jaime Mata,Las Palmas,369,FW
Jaka Bijol,Udinese,1620,CB
Jake O'Brien,Everton,36,CB
Jakov Medić,Bochum,986,CB
Jakub Jankto,Cagliari,0,
Jakub Kamiński,Wolfsburg,680,LB
Jakub Kiwior,Arsenal,327,CB
Jakub Moder,Brighton & Hove Albion,10,CM
Jakub Stolarczyk,Leicester City,270,GK
Jamal Musiala,Bayern Munich,1007,AM
Jamaldeen Jimoh,Aston Villa,0,
James Abankwah,Udinese,69,CB
James Bree,Southampton,283,RB
James Garner,Everton,253,RB
James Hill,Bournemouth,157,DM
James Justin,Leicester City,1644,RB
James Maddison,Tottenham Hotspur,1017,LM
James McConnell,Liverpool,0,
James Mcatee,Manchester City,38,AM
James Milner,Brighton & Hove Albion,169,DM
James Rodríguez,Rayo Vallecano,140,AM
James Sands,St. Pauli,13,CM
James Tarkowski,Everton,1701,CB
James Ward-Prowse,Nottingham Forest,400,CM
James Ward-Prowse,West Ham United,18,CM
Jamie Gittens,Dortmund,1037,LW
Jamie Leweling,Stuttgart,673,AM
Jamie Vardy,Leicester City,1461,FW
Jan Bednarek,Southampton,1160,CB
Jan Oblak,Atlético Madrid,1620,GK
Jan Paul van Hecke,Brighton & Hove Albion,1520,CB
Jan Salas,Mallorca,0,
Jan Schöppner,Heidenheim,1305,DM
Janik Haberer,Union Berlin,532,CM
Jann-Fiete Arp,Holstein Kiel,364,FW
Jannik Huth,Freiburg,0,
Jannik Vestergaard,Leicester City,931,CB
Jarell Quansah,Liverpool,228,CB
Jarrad Branthwaite,Everton,908,CB
Jarrod Bowen,West Ham United,1385,RM
Jarzinho Malanga,Stuttgart,2,CB
Jason Steele,Brighton & Hove Albion,180,GK
Jasper Cillessen,Las Palmas,1499,GK
Jasper Samooja,Lecce,0,
Jastin García,Girona,0,
Jaume Doménech,Valencia,0,
Javi Galán,Atlético Madrid,766,LB
Javi Hernández,Leganés,1171,LB
Javi López,Real Sociedad,860,LB
Javi Martínez,Osasuna,6,DM
Javi Martón,Athletic Club,53,FW
Javi Puado,Espanyol,1454,FW
Javi Rodríguez,Celta Vigo,1143,CB
Javi Sánchez,Valladolid,1062,CB
Javier Gil,Juventus,0,
Javier Guerra,Valencia,1086,CM
Javier Llabrés,Mallorca,57,LW
Javier Manquillo,Celta Vigo,494,CB
Javier Muñoz,Las Palmas,1261,CM
Javier Serrano,Atlético Madrid,0,
Jay Idzes,Venezia,1597,CB
Jay Stansfield,Fulham,1,AM
Jayce Fitzgerald,Manchester United,0,
Jaydee Canvot,Toulouse,181,CB
Jayden Danns,Liverpool,0,
Jayden Meghoma,Brentford,5,WB
Jean Butez,Como,90,GK
Jean Mattéo Bahoya,Eintracht Frankfurt,217,RM
Jean-Charles Castelletto,Nantes,1332,CB
Jean-Clair Todibo,West Ham United,701,CB
Jean-Daniel Akpa-Akpro,Monza,16,CM
Jean-Eudes Aholou,Angers,1247,DM
Jean-Kevin Duverne,Nantes,537,LB
Jean-Philippe Gbamin,Nantes,208,DM
Jean-Philippe Mateta,Crystal Palace,1514,FW
Jean-Ricner Bellegarde,Wolverhampton Wanderers,686,AM
Jeanuël Belocian,Bayer Leverkusen,68,WB
Jeff Ekhator,Genoa,404,FW
Jefferson Lerma,Crystal Palace,1094,CM
Jeffrey De Lange,Marseille,0,
Jeffrey Gouweleeuw,Augsburg,1350,CB
Jeffrey Schlupp,Crystal Palace,102,AM
Jelle Van Neck,Marseille,0,
Jens Cajuste,Ipswich Town,833,DM
Jens Grahl,Eintracht Frankfurt,0,
Jens Odgaard,Bologna,851,AM
Jens Stage,Werder Bremen,934,CM
Jenson Metcalfe,Everton,0,
Jeong Woo-yeong,Union Berlin,768,AM
Jeremie Boga,Nice,621,AM
Jeremie Frimpong,Bayer Leverkusen,1159,WB
Jeremy Doku,Manchester City,699,LW
Jeremy Sarmiento,Brighton & Hove Albion,9,AM
Jesper Karlsson,Bologna,230,LW
Jesper Karlsson,Lecce,16,LW
Jesper Karlström,Udinese,1523,CM
Jesper Lindstrøm,Everton,637,RW
Jesse Joronen,Venezia,630,GK
Jesus Rodríguez,Real Betis,105,LW
Jesus Vazquez,Valencia,653,LB
Jesús Areso,Osasuna,1532,RB
Jesús Navas,Sevilla,424,RW
Jesús Owono,Alavés,127,GK
Jesús Santiago,Getafe,291,CM
Jesús Vallejo,Real Madrid,11,CB
Jhoanner Chávez,Lens,596,WB
Jhon Durán,Aston Villa,602,FW
Jhon Lucumí,Bologna,1204,CB
Jhon Solis,Girona,339,CM
Jibril Othman,Saint-Étienne,5,FW
Jim Allevinah,Angers,872,RW
Jiří Letáček,Getafe,0,
Joachim Andersen,Crystal Palace,90,CB
Joachim Andersen,Fulham,963,CB
Joakim Mæhle,Wolfsburg,746,LB
Joan García,Espanyol,1710,GK
Joan Jordán,Alavés,642,DM
Joaquín Correa,Internazionale,62,FW
Joaquín Panichelli,Alavés,0,
Joe Aribo,Southampton,933,CM
Joe Gauci,Aston Villa,0,
Joe Gomez,Liverpool,519,CB
Joe Lumley,Southampton,270,GK
Joe O'Brien-Whitmarsh,Southampton,0,
Joe Scally,Mönchengladbach,1329,RB
Joe Willock,Newcastle United,548,LM
Joel Pohjanpalo,Venezia,1430,FW
Joel Roca,Girona,0,
Joel Ward,Crystal Palace,0,
Joelinton,Newcastle United,1589,LM
Jofre,Espanyol,1200,RM
Johan Manzambi,Freiburg,10,RW
Johan Mojica,Mallorca,1391,LB
Johan Vásquez,Genoa,1575,CB
Johann Lepenant,Nantes,1055,AM
Johannes Eggestein,St. Pauli,1207,FW
John Joe,Getafe,48,AM
John McGinn,Aston Villa,1254,LW
John Ruddy,Newcastle United,0,
John Stones,Manchester City,331,CB
John Yeboah,Venezia,331,AM
Johnny Cardoso,Real Betis,835,DM
Jon Aramburu,Real Sociedad,1197,RB
Jon Guridi,Alavés,1120,AM
Jon Magunazelaia,Real Sociedad,7,LM
Jon Martin,Real Sociedad,135,CB
Jon Moncayola,Osasuna,1088,RM
Jon Pacheco,Real Sociedad,476,CB
Jon Rowe,Marseille,423,FW
Jonah Kusi-Asare,Bayern Munich,0,
Jonas Föhrenbach,Heidenheim,1361,LB
Jonas Hofmann,Bayer Leverkusen,223,AM
Jonas Martin,Brest,458,CM
Jonas Omlin,Mönchengladbach,270,GK
Jonas Rouhi,Juventus,192,LB
Jonas Wind,Wolfsburg,751,AM
Jonathan Akaegbobi,Wolfsburg,0,
Jonathan Bamba,Celta Vigo,811,LW
Jonathan Burkardt,Mainz 05,1121,FW
Jonathan Clauss,Nice,899,WB
Jonathan David,Lille,1359,FW
Jonathan Gradit,Lens,766,CB
Jonathan Ikone,Fiorentina,243,RW
Jonathan Tah,Bayer Leverkusen,1440,CB
Joni Montiel,Rayo Vallecano,0,
Jonny Evans,Manchester United,290,CB
Jordan Amavi,Brest,790,LB
Jordan Ayew,Crystal Palace,21,FW
Jordan Ayew,Leicester City,913,AM
Jordan Ferri,Montpellier,967,DM
Jordan James,Rennes,484,CM
Jordan Lefort,Angers,1530,CB
Jordan Lotomba,Nice,35,LM
Jordan Pefok,Union Berlin,681,FW
Jordan Pickford,Everton,1710,GK
Jordan Teze,Monaco,307,RB
Jordan Veretout,Lyon,936,RM
Jordan Zemura,Udinese,896,WB
Jordi Paulina,Dortmund,0,
Jordy Makengo,Freiburg,81,LB
Jorge Benito,Getafe,0,
Jorge Cuenca,Fulham,93,CB
Jorge Gonzalez,Valladolid,0,
Jorge Herrando,Osasuna,555,CB
Jorge Sáenz,Leganés,696,CB
Jorge de Frutos,Rayo Vallecano,1326,RM
Jorginho,Arsenal,459,CM
Joris Chotard,Montpellier,745,DM
Josep Martinez,Internazionale,0,
Joseph Aidoo,Celta Vigo,2,CB
Joseph Lopy,Angers,0,
Joseph Okumu,Reims,652,CB
Josh Nichols,Arsenal,0,
Josh Wilson-Esbrand,Manchester City,0,
Josha Vagnoman,Stuttgart,1181,RB
Joshua Acheampong,Chelsea,90,CB
Joshua Kimmich,Bayern Munich,1440,DM
Joshua King,Fulham,73,AM
Joshua King,Toulouse,964,FW
Joshua Zirkzee,Manchester United,710,FW
Josip Brekalo,Fiorentina,0,
Josip Juranović,Union Berlin,65,RB
Josué Casimir,Le Havre,680,FW
José Arnaiz,Osasuna,45,LW
José Campaña,Las Palmas,719,DM
José Gragera,Espanyol,569,CM
José Luis García Vayá,Valencia,1085,CM
José Luis Gayà,Valencia,391,LB
José Luis Palomino,Cagliari,386,CB
José María Giménez,Atlético Madrid,1249,CB
José Sá,Wolverhampton Wanderers,990,GK
Jota,Rennes,334,LW
Jota Silva,Nottingham Forest,563,RW
João Costa,Roma,0,
João Félix,Chelsea,352,AM
João Gomes,Wolverhampton Wanderers,1351,CM
João Neves,Paris Saint-Germain,1087,CM
João Palhinha,Bayern Munich,349,DM
João Pedro,Brighton & Hove Albion,1039,FW
João Urbáez,Leganés,0,
João Virgínia,Everton,0,
Joël Schingtienne,Venezia,91,AM
Joël Veltman,Brighton & Hove Albion,1200,RB
Joško Gvardiol,Manchester City,1662,LB
Juan Bernat,Villarreal,212,LB
Juan Berrocal,Getafe,611,CB
Juan Carlos,Girona,0,
Juan Cruz,Leganés,1075,RW
Juan Cruz Armada,Osasuna,655,LB
Juan Cuadrado,Atalanta,154,WB
Juan David Cabal,Juventus,449,LB
Juan Foyth,Villarreal,25,RB
Juan Herzog,Las Palmas,512,CB
Juan Jesus,Napoli,438,CB
Juan Miranda,Bologna,1116,LB
Juan Musso,Atalanta,90,GK
Juan Musso,Atlético Madrid,90,GK
Juan Soriano,Leganés,540,GK
Juanlu Sánchez,Sevilla,674,AM
Juanmi,Real Betis,218,LW
Juanmi Latasa,Valladolid,524,FW
Juanpe,Girona,327,CB
Juanpe,Rayo Vallecano,0,
Jubal,Auxerre,1297,CB
Jude Bellingham,Real Madrid,1230,LM
Julen Agirrezabala,Athletic Club,1206,GK
Julen Lartitegi,Alavés,0,
Jules Koundé,Barcelona,1525,RB
Jules Stawiecki,Monaco,0,
Julian Araujo,Bournemouth,355,RB
Julian Brandt,Dortmund,1067,AM
Julian Chabot,Stuttgart,1184,CB
Julian Ryerson,Dortmund,1035,RB
Julian Weigl,Mönchengladbach,1302,DM
Julien Duranville,Dortmund,81,LW
Julien Le Cardinal,Brest,793,CB
Julien Yanda,St. Pauli,0,
Julio Enciso,Brighton & Hove Albion,293,AM
Julián Chicco,Leganés,181,DM
Julián Malatini,Werder Bremen,430,CB
Julián Álvarez,Atlético Madrid,1186,FW
Junior Adamu,Freiburg,821,FW
Junior Ajayi,Hellas Verona,0,
Junior Dina Ebimbe,Eintracht Frankfurt,281,LM
Junior Messias,Genoa,198,CM
Junior Mwanga,Strasbourg,296,CM
Junior Ndiaye,Montpellier,69,FW
Junior Sambia,Empoli,55,RW
Junya Ito,Reims,1490,RW
Jurgen Ekkelenkamp,Udinese,625,CM
Jurriën Timber,Arsenal,1395,LB
Justin Devenny,Crystal Palace,232,AM
Justin Diehl,Stuttgart,83,RW
Justin Kluivert,Bournemouth,1196,AM
Justin Njinmah,Werder Bremen,463,AM
Justin Smith,Espanyol,209,CM
Jérémy Le Douaron,Brest,102,FW
Jérémy Sebas,Strasbourg,153,FW
Jérôme Roussillon,Union Berlin,11,WB
Jørgen Strand Larsen,Wolverhampton Wanderers,1444,FW
Kacper Urbanski,Bologna,157,AM
Kadan Young,Aston Villa,0,
Kaden Rodney,Crystal Palace,0,
Kaelan Casey,West Ham United,1,CB
Kai Havertz,Arsenal,1480,FW
Kaishu Sano,Mainz 05,1423,CM
Kalvin Phillips,Ipswich Town,688,DM
Kamaldeen Sulemana,Southampton,130,LW
Kamil Grabara,Wolfsburg,1440,GK
Kamory Doumbia,Brest,660,AM
Kandet Diawara,Le Havre,4,RW
Kaoru Mitoma,Brighton & Hove Albion,1575,LW
Karim Adeyemi,Dortmund,416,RW
Karim Onisiwo,Mainz 05,110,FW
Karl Etta,Villarreal,0,
Karl Jakob Hein,Valladolid,1710,GK
Karl-Johan Johnsson,Strasbourg,270,GK
Karol Fila,Strasbourg,5,CM
Karol Linetty,Torino,1191,CM
Karol Mets,St. Pauli,900,CB
Kasey McAteer,Leicester City,334,LB
Kassoum Ouattara,Monaco,331,LB
Kauã Santos,Eintracht Frankfurt,405,GK
Keane Lewis-Potter,Brentford,1559,LB
Keinan Davis,Udinese,602,FW
Keito Nakamura,Reims,1312,LW
Keke Maximilian Topp,Werder Bremen,194,AM
Kelechi Iheanacho,Sevilla,400,FW
Kelvin Amian,Nantes,1067,RB
Kembo Diliwidi,Lens,4,LB
Kenan Yıldız,Juventus,934,LW
Kenedy,Valladolid,9,CM
Kenneth Schmidt,Freiburg,0,
Kenny Lala,Brest,1246,RB
Kenny Tete,Fulham,1262,RB
Kepa Arrizabalaga,Bournemouth,1260,GK
Kerim Alajbegović,Bayer Leverkusen,0,
Keven Schlotterbeck,Augsburg,1033,CB
Kevin Akpoguma,Hoffenheim,1061,CB
Kevin Behrens,Wolfsburg,110,FW
Kevin Bonifazi,Lecce,30,CB
Kevin Danso,Lens,1080,CB
Kevin De Bruyne,Manchester City,823,CM
Kevin Kampl,RB Leipzig,839,CM
Kevin Martins,Monza,17,WB
Kevin Müller,Heidenheim,1440,GK
Kevin Schade,Brentford,944,FW
Kevin Stöger,Mönchengladbach,728,AM
Kevin Trapp,Eintracht Frankfurt,1035,GK
Kevin Vogt,Union Berlin,1151,CB
Kevin Volland,Union Berlin,6,AM
Kevin Zeroli,Milan,12,DM
Keyliane Abdallah,Marseille,3,RW
Khalil Fayad,Montpellier,289,DM
Khvicha Kvaratskhelia,Napoli,1069,LW
Khéphren Thuram,Juventus,839,DM
Ki-Jana Hoever,Auxerre,1020,WB
Kialonda,Lecce,1350,CB
Kieran Tierney,Arsenal,0,
Kieran Trippier,Newcastle United,483,RB
Kiernan Dewsbury-Hall,Chelsea,59,AM
Kike Barja,Osasuna,69,FW
Kike Pérez,Valladolid,1072,CM
Kike Salas,Sevilla,900,CB
Kiko Femenía,Villarreal,1365,RB
Kiké,Alavés,1096,FW
Kilian Fischer,Wolfsburg,1142,RB
Kiliann Sildillia,Freiburg,79,RW
Killian Cahill,Brighton & Hove Albion,0,
Kim Jisoo,Brentford,29,CB
Kim Min-jae,Bayern Munich,1375,CB
Kim Minsu,Girona,22,CM
Kingsley Coman,Bayern Munich,653,LW
Kingsley Ehizibue,Udinese,1511,WB
Kingstone Mutandwa,Cagliari,47,AM
Kirian Rodríguez,Las Palmas,1523,CM
Kjell-Arik Wätjen,Dortmund,16,AM
Ko Itakura,Mönchengladbach,1440,CB
Kobbie Mainoo,Manchester United,1098,CM
Kobi Henry,Reims,0,
Koji Miyoshi,Bochum,343,LM
Koke,Atlético Madrid,1147,CM
Koni De Winter,Genoa,819,CB
Konrad Laimer,Bayern Munich,573,RB
Konstantinos Koulierakis,Wolfsburg,1106,CB
Konstantinos Mavropanos,West Ham United,1017,CB
Kosta Nedeljković,Aston Villa,118,RB
Kostas Tsimikas,Liverpool,253,LB
Kristijan Jakić,Augsburg,1093,CM
Kristjan Asllani,Internazionale,266,CM
Kristoffer Ajer,Brentford,717,LB
Krisztofer Horváth,Torino,0,
Krépin Diatta,Monaco,196,RB
Kyle Walker,Manchester City,970,RB
Kyle Walker-Peters,Southampton,1335,WB
Kylian Mbappé,Real Madrid,1459,FW
Kyllian Antonio,Lens,0,
Kévin Danois,Auxerre,886,CM
Kévin Pedro,Saint-Étienne,10,LB
Ladislav Krejčí,Girona,910,CB
Lalo Aguilar,Leganés,0,
Lamare Bogarde,Aston Villa,213,RB
Lameck Banda,Lecce,468,LW
Lamine Camara,Monaco,1017,DM
Lamine Fomba,Saint-Étienne,70,DM
Lamine Yamal,Barcelona,1274,RW
Lars Ritzka,St. Pauli,449,WB
Lars Strobl,Hoffenheim,0,
Lassana Coulibaly,Lecce,861,CM
Lasse Rieß,Mainz 05,0,
Lasse Rosenboom,Holstein Kiel,548,WB
Lassine Sinayoko,Auxerre,1214,FW
Lasso Coulibaly,Auxerre,38,FW
Laurenzo Alvarenga,Nice,0,
Lautaro Gianetti,Udinese,840,CB
Lautaro Martínez,Internazionale,1245,FW
Lautaro Valenti,Parma,287,CB
Lazar Samardzic,Atalanta,427,AM
Leandro Cabrera,Espanyol,1260,CB
Leandro Chichizola,Parma,90,GK
Leandro Paredes,Roma,461,CM
Leandro Trossard,Arsenal,1110,LW
Lee Jae-sung,Mainz 05,1265,AM
Lee Kang-in,Paris Saint-Germain,999,RW
Leif Davis,Ipswich Town,1800,LB
Lennard Maloney,Heidenheim,760,DM
Leny Yoro,Manchester United,250,CB
Leo Román,Mallorca,450,GK
Leo Skiri Østigård,Rennes,1073,CB
Leon Bailey,Aston Villa,919,RW
Leon Goretzka,Bayern Munich,556,DM
Leonardo Balerdi,Marseille,1174,CB
Leonardo Baroncelli,Fiorentina,0,
Leonardo Bittencourt,Werder Bremen,480,CM
Leonardo Colombo,Monza,0,
Leonardo Pavoletti,Cagliari,170,FW
Leonardo Spinazzola,Napoli,394,LB
Leonidas Stergiou,Stuttgart,210,RB
Leopold Querfeld,Union Berlin,554,CB
Leopold Zingerle,RB Leipzig,0,
Leroy Sané,Bayern Munich,637,RW
Lesley Ugochukwu,Southampton,344,CM
Levi Colwill,Chelsea,1709,CB
Lewis Cook,Bournemouth,1582,DM
Lewis Dunk,Brighton & Hove Albion,1264,CB
Lewis Ferguson,Bologna,189,AM
Lewis Hall,Newcastle United,1588,LB
Lewis Holtby,Holstein Kiel,759,CM
Lewis Miley,Newcastle United,12,LM
Lewis Orford,West Ham United,0,
Liam Delap,Ipswich Town,1441,FW
Liam Henderson,Empoli,961,CM
Liberato Cacace,Empoli,489,WB
Lilian Brassier,Marseille,629,CB
Lilian Raolisoa,Angers,271,RB
Lionel Voufack,RB Leipzig,0,
Lior Kasa,Genoa,49,CM
Lisandro Martínez,Manchester United,1490,CB
Llorenç Serred,Espanyol,0,
Lloyd Kelly,Newcastle United,299,LB
Logan Costa,Toulouse,90,CB
Logan Costa,Villarreal,1141,CB
Lois Diony,Angers,21,FW
Lorenz Assignon,Rennes,1035,WB
Lorenzo Aguado,Real Madrid,0,
Lorenzo Anghelè,Juventus,6,RW
Lorenzo Bernasconi,Atalanta,0,
Lorenzo Colombo,Empoli,1366,FW
Lorenzo De Silvestri,Bologna,424,RB
Lorenzo Lucca,Udinese,1190,FW
Lorenzo Lucchesi,Venezia,0,
Lorenzo Montipò,Hellas Verona,1710,GK
Lorenzo Pellegrini,Roma,900,AM
Lorenzo Riccio,Atalanta,0,
Lorenzo Torriani,Milan,0,
Lorenzo Tosto,Empoli,0,
Louis Leroux,Nantes,18,AM
Louis Mouton,Saint-Étienne,689,CM
Loum Tchaouna,Lazio,332,RW
Lovro Majer,Wolfsburg,145,AM
Loïc Bade,Sevilla,1281,CB
Loïc N'Gatta,Auxerre,0,
Loïc Nego,Le Havre,957,RB
Loïs Openda,RB Leipzig,1347,FW
Luc Zogbé,Brest,310,LB
Luca Belardinelli,Empoli,0,
Luca Caldirola,Monza,490,CB
Luca Kerber,Heidenheim,198,CM
Luca Lohr,Getafe,0,
Luca Marianucci,Empoli,61,CB
Luca Mazzitelli,Como,153,DM
Luca Netz,Mönchengladbach,580,LB
Luca Pellegrini,Lazio,434,LB
Luca Philipp,Hoffenheim,0,
Luca Ranieri,Fiorentina,1465,CB
Luca Williams Barnett,Tottenham Hotspur,0,
Luca de la Torre,Celta Vigo,4,CM
Lucas Beltrán,Fiorentina,787,AM
Lucas Beraldo,Paris Saint-Germain,905,LB
Lucas Bergvall,Tottenham Hotspur,202,DM
Lucas Chevalier,Lille,1530,GK
Lucas Da Cunha,Como,739,DM
Lucas Digne,Aston Villa,1502,LB
Lucas García,Girona,0,
Lucas Hernández,Paris Saint-Germain,115,LB
Lucas Höler,Freiburg,634,AM
Lucas Martínez Quarta,Fiorentina,334,CB
Lucas Michal,Monaco,0,
Lucas Michel,Monaco,29,MF
Lucas Mincarelli,Montpellier,251,LB
Lucas Ocampos,Sevilla,175,LW
Lucas Oliveira Rosa,Valladolid,1620,LB
Lucas Paquetá,West Ham United,1287,CM
Lucas Perri,Lyon,1530,GK
Lucas Stassin,Saint-Étienne,709,FW
Lucas Torró,Osasuna,1550,CM
Lucas Tousart,Union Berlin,181,CM
Lucas Vázquez,Real Madrid,971,RB
Lucien Agoume,Sevilla,1017,DM
Ludovic Ajorque,Brest,1129,FW
Ludovic Blas,Rennes,1388,AM
Ludovic Butelle,Reims,0,
Luis Díaz,Liverpool,1116,LW
Luis Guilherme,West Ham United,42,RM
Luis Hasa,Lecce,0,
Luis Hasa,Napoli,0,
Luis Henrique,Marseille,1311,LW
Luis Milla,Getafe,1694,CM
Luis Pérez,Valladolid,1580,RB
Luis Rioja,Alavés,23,LW
Luis Rioja,Valencia,1487,LM
Luis Sinisterra,Bournemouth,208,LW
Luiz Lúcio Reis Júnior,Villarreal,288,GK
Luka Jović,Milan,79,FW
Luka Modrić,Real Madrid,841,CM
Luka Romero,Alavés,199,RW
Luka Sučić,Real Sociedad,1065,CM
Luka Topalović,Internazionale,0,
Lukas Daschner,Bochum,381,FW
Lukas Klostermann,RB Leipzig,849,CB
Lukas Kübler,Freiburg,1221,RB
Lukas Nmecha,Wolfsburg,132,FW
Lukas Ullrich,Mönchengladbach,634,LB
Luke Cundle,Wolverhampton Wanderers,0,
Luke Shaw,Manchester United,70,CB
Luke Thomas,Leicester City,179,LB
Luke Woolfenden,Ipswich Town,647,CB
Lukáš Hrádecký,Bayer Leverkusen,1350,GK
Lutsharel Geertruida,RB Leipzig,920,CB
László Bénes,Union Berlin,193,AM
Léo Botz,Brest,0,
Léo Pétrot,Saint-Étienne,1129,LB
Léo Scienza,Heidenheim,762,LW
M'Bala Nzola,Lens,865,FW
Maarten Vandevoordt,RB Leipzig,135,GK
Maat Daniel Caprini,Fiorentina,0,
Madiou Keïta,Auxerre,0,
Mads Hermansen,Leicester City,1395,GK
Mads Pedersen,Augsburg,219,WB
Mads Roerslev,Brentford,835,RB
Maduka Okoye,Udinese,1260,GK
Maghnes Akliouche,Monaco,1045,RW
Magnus Knudsen,Holstein Kiel,926,CM
Magnus Kofod Andersen,Venezia,695,CM
Mahamadou Diawara,Lyon,16,AM
Mahamadou Nagida,Rennes,328,WB
Mahdi Camara,Brest,1218,RM
Mahmoud Dahoud,Eintracht Frankfurt,320,CM
Mahmut Kücüksahin,Augsburg,0,
Malachi Hardy,Tottenham Hotspur,0,
Malang Sarr,Lens,294,CB
Maldini Kacurri,Arsenal,0,
Malick Fofana,Lyon,983,LW
Malick Thiaw,Milan,1080,CB
Malo Gusto,Chelsea,1240,RB
Mama Samba Baldé,Brest,714,FW
Mama Samba Baldé,Lyon,33,RW
Mamadou Coulibaly,Monaco,0,
Mamadou Diakhon,Reims,182,LW
Mamadou Sarr,Strasbourg,947,CB
Mamadou Sylla,Valladolid,756,FW
Mamady Bangré,Toulouse,0,
Mandela Keita,Parma,441,DM
Manolis Saliakas,St. Pauli,1143,RM
Manu Bueno,Sevilla,74,DM
Manu González,Real Betis,0,
Manu Koné,Roma,1029,CM
Manu Morlanes,Mallorca,1031,CM
Manu Sánchez,Alavés,1210,LB
Manuel Akanji,Manchester City,1366,CB
Manuel Fuster,Las Palmas,389,LW
Manuel Lazzari,Lazio,950,RB
Manuel Locatelli,Juventus,1021,DM
Manuel Moretta,Parma,0,
Manuel Neuer,Bayern Munich,1080,GK
Manuel Ugarte Ribeiro,Manchester United,802,CM
Marash Kumbulla,Espanyol,1372,CB
Marc Bartra,Real Betis,926,CB
Marc Bernal,Barcelona,242,DM
Marc Cardona,Las Palmas,79,FW
Marc Casado,Barcelona,1182,DM
Marc Cucurella,Chelsea,1444,LB
Marc Domenech,Mallorca,115,LW
Marc Guiu,Chelsea,34,FW
Marc Guéhi,Crystal Palace,1710,CB
Marc Roca,Real Betis,729,DM
Marc Vidal,Celta Vigo,0,
Marc-André ter Stegen,Barcelona,494,GK
Marc-Aurèle Caillard,Lille,0,
Marc-Oliver Kempf,Como,1153,CB
Marcel Engelhardt,Holstein Kiel,0,
Marcel Lotka,Dortmund,0,
Marcel Sabitzer,Dortmund,888,DM
Marcin Bułka,Nice,1530,GK
Marco Asensio,Paris Saint-Germain,610,FW
Marco Bizot,Brest,1440,GK
Marco Brescianini,Atalanta,471,AM
Marco Carnesecchi,Atalanta,1530,GK
Marco D'Alessandro,Monza,0,
Marco Dalla Vecchia,Torino,0,
Marco Friedl,Werder Bremen,1163,CB
Marco Grüll,Werder Bremen,595,FW
Marco Komenda,Holstein Kiel,360,CB
Marco Palestra,Atalanta,60,WB
Marco Richter,Mainz 05,0,
Marco Sala,Como,261,LB
Marco Silvestri,Udinese,0,
Marco Sportiello,Milan,0,
Marco de las Sías,Rayo Vallecano,0,
Marcos Alonso,Celta Vigo,1260,CB
Marcos André,Valladolid,609,FW
Marcos Llorente,Atlético Madrid,999,RB
Marcos Senesi,Bournemouth,917,CB
Marcus Bettinelli,Chelsea,0,
Marcus Coco,Nantes,450,RB
Marcus Harness,Ipswich Town,45,AM
Marcus Pedersen,Torino,777,WB
Marcus Rashford,Manchester United,978,LW
Marcus Tavernier,Bournemouth,1140,LW
Marcus Thuram,Internazionale,1384,FW
Marcão,Sevilla,458,CB
Marin Pongračić,Fiorentina,102,CB
Marin Šverko,Venezia,1041,CB
Mario Balotelli,Genoa,62,FW
Mario Gila,Lazio,1281,CB
Mario Götze,Eintracht Frankfurt,625,CM
Mario Hermoso,Roma,245,CB
Mario Lemina,Wolverhampton Wanderers,1184,CM
Mario Maroto,Valladolid,19,CM
Mario Martín,Valladolid,922,CM
Mario Pašalić,Atalanta,923,CM
Marius Bülter,Hoffenheim,799,FW
Marius Courcoul,Angers,0,
Marius Louer,Angers,0,
Marius Müller,Wolfsburg,0,
Marius Wolf,Augsburg,1010,WB
Mark Flekken,Brentford,1745,GK
Mark McKenzie,Toulouse,1324,CB
Mark O'Mahony,Brighton & Hove Albion,0,
Mark Travers,Bournemouth,360,GK
Marko Arnautović,Internazionale,86,FW
Marko Dmitrović,Leganés,1170,GK
Marko Ivezić,Holstein Kiel,990,CB
Markus Kolke,Werder Bremen,0,
Marnon Busch,Heidenheim,487,RB
Marquinhos,Paris Saint-Germain,1016,CB
Marshall Munetsi,Reims,1422,AM
Marten de Roon,Atalanta,1215,CM
Martial Godo,Fulham,16,LW
Martin Adeline,Reims,26,LM
Martin Cuellar,Getafe,0,
Martin Dúbravka,Newcastle United,450,GK
Martin Erlic,Bologna,221,CB
Martin Frese,Hellas Verona,182,CB
Martin Satriano,Lens,41,FW
Martin Terrier,Bayer Leverkusen,574,AM
Martin Valjent,Mallorca,1330,CB
Martin Ødegaard,Arsenal,1020,RM
Martín Payero,Udinese,618,CM
Martín Tejón,Valencia,49,FW
Martín Zubimendi,Real Sociedad,1444,DM
Marvin,Las Palmas,536,RB
Marvin Ducksch,Werder Bremen,1328,FW
Marvin Friedrich,Mönchengladbach,609,CB
Marvin Pieringer,Heidenheim,935,FW
Marvin Schmitz,St. Pauli,0,
Marvin Schulz,Holstein Kiel,259,CB
Marvin Senaya,Strasbourg,201,LB
Marwann Nzuzi,Saint-Étienne,125,LB
Mason Greenwood,Marseille,1451,RW
Mason Holgate,Everton,6,RW
Mason Mount,Manchester United,247,AM
Massadio Haïdara,Brest,696,LB
Massadio Haïdara,Lens,0,
Massimo Luongo,Ipswich Town,143,DM
Massimo Pessina,Bologna,0,
Matej Kovar,Bayer Leverkusen,90,GK
Mateo Flores,Real Betis,122,DM
Mateo Kovačić,Manchester City,1219,DM
Mateo Mejía,Sevilla,11,FW
Mateo Retegui,Atalanta,931,FW
Mateu Morey,Mallorca,265,RB
Mateus Fernandes,Southampton,1145,AM
Mateusz Kowalski,Parma,56,AM
Mateusz Wieteska,Cagliari,184,CB
Matheus Cunha,Wolverhampton Wanderers,1336,AM
Matheus Nunes,Manchester City,530,LM
Mathew Ryan,Roma,0,
Mathias Honsak,Heidenheim,585,LW
Mathias Jensen,Brentford,565,RM
Mathias Løvik,Parma,0,
Mathias Pereira Lage,Brest,533,LW
Mathieu Acapandié,Nantes,0,
Mathieu Cafaro,Saint-Étienne,726,LM
Mathieu Gorgelin,Le Havre,0,
Mathis Amougou,Saint-Étienne,749,LM
Mathis Lambourde,Hellas Verona,40,FW
Mathis Saka,Toulouse,0,
Mathys Angély,Wolfsburg,0,
Mathys Tel,Bayern Munich,211,LW
Mathéo Bodmer,Le Havre,0,
Mathías Olivera,Napoli,1402,LB
Matias Fernandez-Pardo,Lille,437,LW
Matias Moreno,Fiorentina,58,CB
Matija Nastasić,Leganés,1119,CB
Mats Hummels,Roma,524,CB
Mats Pannewig,Bochum,102,CM
Mats Wieffer,Brighton & Hove Albion,471,CM
Matt Doherty,Wolverhampton Wanderers,623,RB
Matt O'Riley,Brighton & Hove Albion,354,CM
Matt Targett,Newcastle United,12,RB
Matt Turner,Crystal Palace,0,
Matteo Cancellieri,Parma,428,LW
Matteo Darmian,Internazionale,725,WB
Matteo Gabbia,Milan,877,CB
Matteo Grandi,Venezia,0,
Matteo Motta,Internazionale,0,
Matteo Palma,Udinese,0,
Matteo Pessina,Monza,494,CM
Matteo Politano,Napoli,1190,RW
Matteo Prati,Cagliari,235,CM
Matteo Ruggeri,Atalanta,693,WB
Matthias Braunöder,Como,268,DM
Matthias Ginter,Freiburg,1147,CB
Matthijs de Ligt,Manchester United,1303,CB
Matthis Abline,Nantes,1316,FW
Mattia Bani,Genoa,1068,CB
Mattia De Sciglio,Empoli,264,CB
Mattia Felici,Cagliari,241,LM
Mattia Liberali,Milan,61,AM
Mattia Perin,Juventus,450,GK
Mattia Valoti,Monza,39,CM
Mattia Viti,Empoli,1608,CB
Mattia Zaccagni,Lazio,1010,LW
Mattias Svanberg,Wolfsburg,483,CM
Matty Cash,Aston Villa,988,RB
Mattéo Guendouzi,Lazio,1213,DM
Matvei Safonov,Paris Saint-Germain,429,GK
Matz Sels,Nottingham Forest,1800,GK
Matìas Soulé,Roma,370,AM
Matías Vecino,Lazio,412,DM
Matías Árbol,Sevilla,0,
Matúš Bero,Bochum,1192,CM
Maurides,St. Pauli,2,FW
Mauro Arambarri,Getafe,1233,CM
Mauro Vigorito,Como,0,
Max Aarons,Bournemouth,86,RB
Max Alleyne,Manchester City,0,
Max Geschwill,Holstein Kiel,1014,CB
Max Kilman,West Ham United,1530,CB
Max Moerstedt,Hoffenheim,198,FW
Max Rosenfelder,Freiburg,624,RB
Max Schmitt,Bayern Munich,0,
Maxence Caqueret,Lyon,573,CM
Maxence Lacroix,Crystal Palace,1530,CB
Maxim Leitsch,Mainz 05,551,CB
Maxime Busi,Reims,0,
Maxime Dupé,Nice,0,
Maximilian Arnold,Wolfsburg,1296,CM
Maximilian Bauer,Augsburg,658,CB
Maximilian Beier,Dortmund,851,FW
Maximilian Breunig,Heidenheim,327,FW
Maximilian Eggestein,Freiburg,1290,DM
Maximilian Mittelstädt,Stuttgart,1246,LB
Maximilian Philipp,Freiburg,17,AM
Maximilian Wittek,Bochum,1291,LB
Maximiliano Caufriez,Valencia,90,CB
Maxwel Cornet,Southampton,72,RW
Maxwell Wellings,Bournemouth,0,
Medon Berisha,Lecce,241,AM
Mehdi Taremi,Internazionale,281,FW
Melvin Bard,Nice,766,LB
Melvin Zinga,Angers,0,
Mergim Berisha,Hoffenheim,333,FW
Merlin Röhl,Freiburg,326,AM
Mert Kömür,Augsburg,132,CM
Michael Amir Murillo,Marseille,1334,CB
Michael Folorunsho,Napoli,35,CM
Michael Gregoritsch,Freiburg,380,FW
Michael Kayode,Fiorentina,127,RW
Michael Keane,Everton,810,CB
Michael Olise,Bayern Munich,1033,RW
Michael Svoboda,Venezia,1314,CB
Michael Zetterer,Werder Bremen,1440,GK
Michail Antonio,West Ham United,776,FW
Michel Aebischer,Bologna,274,LM
Michel Ndary Adopo,Cagliari,982,CM
Michele Di Gregorio,Juventus,1260,GK
Mickael Nade,Saint-Étienne,776,CB
Micky van de Ven,Tottenham Hotspur,698,CB
Miguel,Leganés,1189,FW
Miguel Almirón,Newcastle United,141,RW
Miguel Gutiérrez,Girona,1553,LB
Miha Zajc,Toulouse,139,CM
Mihailo Ristić,Celta Vigo,128,LM
Mihajlo Ilić,Bologna,0,
Mika Màrmol,Las Palmas,959,LB
Mikael Ellertsson,Venezia,1121,WB
Mikayil Ngor Faye,Rennes,573,CB
Mike Aidoo,Internazionale,0,
Mike Maignan,Milan,1620,GK
Mikel Jauregizar,Athletic Club,991,DM
Mikel Merino,Arsenal,666,LM
Mikel Oyarzabal,Real Sociedad,1100,FW
Mikel Vesga,Athletic Club,394,DM
Mikey Moore,Tottenham Hotspur,85,LW
Mikkel Damsgaard,Brentford,1444,AM
Mikkel Kaufmann,Heidenheim,372,FW
Milan Badelj,Genoa,1225,CM
Milan Đurić,Monza,1168,FW
Milan Škriniar,Paris Saint-Germain,382,CB
Mile Svilar,Roma,1800,GK
Milos Kerkez,Bournemouth,1727,LB
Milos Lukovic,Strasbourg,12,CM
Miloš Veljković,Werder Bremen,453,CB
Mio Backhaus,Werder Bremen,0,
Mirko Marić,Monza,97,FW
Mitchel Bakker,Atalanta,22,AM
Mitchel Bakker,Lille,391,LB
Mitchell Weiser,Werder Bremen,1341,WB
Modibo Sagnan,Montpellier,1285,CB
Mohamed Abdelmoneim,Nice,608,CB
Mohamed Ali Cho,Nice,806,RW
Mohamed Ali Diadie,Reims,0,
Mohamed Amoura,Wolfsburg,1111,FW
Mohamed Bamba,Reims,10,DM
Mohamed Haj,Parma,249,AM
Mohamed Kaba,Lecce,76,CM
Mohamed Lamine Bayo,Lille,221,FW
Mohamed Meité,Rennes,11,LW
Mohamed Salah,Liverpool,1672,RW
Mohamed Simakan,RB Leipzig,54,RB
Mohammed Daramy,Reims,16,LW
Mohammed Kudus,West Ham United,971,LM
Mohammed Salisu,Monaco,750,CB
Moi Gómez,Osasuna,504,LM
Moise Kean,Fiorentina,1306,FW
Moisés Caicedo,Chelsea,1775,DM
Morato,Nottingham Forest,402,CB
Morgan Gibbs-White,Nottingham Forest,1250,AM
Morgan Guilavogui,St. Pauli,980,FW
Morgan Rogers,Aston Villa,1558,AM
Moritz Broschinski,Bochum,942,FW
Moritz Jenz,Mainz 05,724,CB
Moritz Nicolas,Mönchengladbach,1170,GK
Moritz-Broni Kwarteng,Bochum,172,LM
Morro,Rayo Vallecano,0,
Morten Frendrup,Genoa,1132,CM
Morten Thorsby,Genoa,1082,CM
Moses Simon,Nantes,1270,LW
Mostafa Mohamed,Nantes,523,FW
Moussa Diarra,Alavés,1029,CB
Moussa Niakhate,Lyon,1196,CB
Moïse Bombito,Nice,1144,CB
Munir El Haddadi,Leganés,429,AM
Murillo,Nottingham Forest,1687,CB
Musa Al-Taamari,Montpellier,849,RW
Mykhailo Mudryk,Chelsea,151,LW
Myles Lewis-Skelly,Arsenal,244,LB
Myles Peart-Harris,Brentford,0,
Myron Boadu,Bochum,368,FW
Máximo Perrone,Como,570,DM
Mërgim Vojvoda,Torino,988,WB
Naatan Skyttä,Toulouse,5,FW
Nabil Aberdin,Getafe,263,DM
Nabil Fekir,Real Betis,180,AM
Nacho Vidal,Osasuna,124,RB
Naci Ünüvar,Espanyol,31,LM
Nadiem Amiri,Mainz 05,1105,CM
Nadir Zortea,Cagliari,1214,WB
Nahuel Estévez,Parma,356,DM
Nahuel Molina,Atlético Madrid,859,RB
Nahuel Tenaglia,Alavés,1381,RB
Naim García,Leganés,0,
Nampalys Mendy,Lens,110,AM
Naoufel El Hannach,Paris Saint-Germain,0,
Naouirou Ahamada,Crystal Palace,0,
Naouirou Ahamada,Rennes,4,FW
Natan,Real Betis,912,CB
Nathan Aké,Manchester City,512,CB
Nathan Broadhead,Ipswich Town,216,LM
Nathan Butler-Oyedeji,Arsenal,0,
Nathan Collins,Brentford,1800,CB
Nathan N'Goumou,Mönchengladbach,272,RW
Nathan Patterson,Everton,87,RB
Nathan Tella,Bayer Leverkusen,497,AM
Nathan Wood-Gordon,Southampton,405,CB
Nathan Zeze,Nantes,1043,CB
Nathaniel Brown,Eintracht Frankfurt,648,LB
Nathaniel Clyne,Crystal Palace,382,WB
Nayef Aguerd,Real Sociedad,1099,CB
Naïm Byar,Bologna,0,
Neal Maupay,Everton,0,
Neal Maupay,Marseille,734,FW
Neco Williams,Nottingham Forest,999,LB
Nediljko Labrović,Augsburg,1350,GK
Nehuén Pérez,Udinese,180,CB
Neil El Aynaoui,Lens,287,CM
Nelson Weiper,Mainz 05,44,AM
Nemanja Gudelj,Sevilla,1439,DM
Nemanja Matić,Lyon,1001,CM
Neto,Arsenal,0,
Neto,Bournemouth,180,GK
Ngal'Ayel Mukau,Lille,621,DM
Nhoa Sangui,Reims,609,RB
Niama Sissoko,Reims,18,FW
Niccolò Chiorra,Empoli,0,
Niccolò Fortini,Fiorentina,0,
Niccolò Pisilli,Roma,526,DM
Niccolò Rizzo,Juventus,0,
Nicholas Pierini,Venezia,83,AM
Nick Pope,Newcastle United,1350,GK
Nick Woltemade,Stuttgart,457,AM
Niclas Füllkrug,West Ham United,303,FW
Nico Elvedi,Mönchengladbach,855,CB
Nico O’Reilly,Manchester City,0,
Nico Schlotterbeck,Dortmund,1242,CB
Nico Williams,Athletic Club,1239,LW
Nicola Bagnolini,Bologna,0,
Nicola Leali,Genoa,1170,GK
Nicola Sansone,Lecce,64,CM
Nicola Zalewski,Roma,512,WB
Nicolai Remberg,Holstein Kiel,1007,CM
Nicolas Cozza,Nantes,1111,LB
Nicolas Cozza,Wolfsburg,0,
Nicolas Haas,Empoli,287,CM
Nicolas Höfler,Freiburg,460,DM
Nicolas Jackson,Chelsea,1445,FW
Nicolas Pallois,Nantes,902,CB
Nicolas Pépé,Villarreal,565,FW
Nicolas Seiwald,RB Leipzig,793,CM
Nicolas Trabucchi,Parma,0,
Nicolas Viola,Cagliari,542,AM
Nicolás Domínguez,Nottingham Forest,956,DM
Nicolás González,Juventus,392,FW
Nicolás Paz,Como,604,AM
Nicolás Serrano,Athletic Club,103,RW
Nicolás Tagliafico,Lyon,756,LB
Nicolás Valentini,Fiorentina,0,
Nicolò Barella,Internazionale,1176,CM
Nicolò Casale,Bologna,253,CB
Nicolò Casale,Lazio,135,CB
Nicolò Fagioli,Juventus,421,DM
Nicolò Postiglione,Monza,0,
Nicolò Rovella,Lazio,1158,DM
Nicolò Savona,Juventus,1096,RB
Nicolò Zaniolo,Atalanta,251,FW
Niels Nkounkou,Eintracht Frankfurt,304,LB
Nikita Contini Baranovsky,Napoli,0,
Niklas Dorsch,Augsburg,32,CM
Niklas Dorsch,Heidenheim,732,DM
Niklas Jessen,Dortmund,0,
Niklas Lomb,Bayer Leverkusen,0,
Niklas Schmidt,Toulouse,205,CM
Niklas Stark,Werder Bremen,911,CB
Niklas Swider,Mönchengladbach,0,
Niklas Süle,Dortmund,489,CB
Nikola Krstović,Lecce,1640,FW
Nikola Maksimović,Montpellier,581,CB
Nikola Milenković,Nottingham Forest,1710,CB
Nikola Moro,Bologna,619,DM
Nikola Vasilj,St. Pauli,1440,GK
Nikola Vlašić,Torino,594,CM
Nikolas Veratschnig,Mainz 05,35,AM
Nnamdi Collins,Eintracht Frankfurt,416,RB
Noah Atubolu,Freiburg,1260,GK
Noah Darvich,Barcelona,0,
Noah Edjouma,Toulouse,0,
Noah El Biache,Empoli,0,
Noah Jauny,Brest,0,
Noah Loosli,Bochum,0,
Noah Okafor,Milan,373,LW
Noah Pesch,Mönchengladbach,0,
Noah Raveyre,Milan,0,
Noah Weißhaupt,Freiburg,80,LW
Noah Weißhaupt,St. Pauli,23,AM
Noahkai Banks,Augsburg,62,CB
Nobel Mendy,Real Betis,0,
Noel Nkili,Bayern Munich,0,
Noni Madueke,Chelsea,1120,RW
Nordi Mukiele,Bayer Leverkusen,216,WB
Nordine Kandil,Strasbourg,10,AM
Norman Theuerkauf,Heidenheim,0,
Noussair Mazraoui,Manchester United,1519,RB
Nuha Jatta,RB Leipzig,0,
Nuno Mendes,Paris Saint-Germain,722,LB
Nuno Tavares,Lazio,1062,LB
Nunzio Lella,Venezia,5,CM
Nélson Semedo,Wolverhampton Wanderers,1136,RB
Obite N'Dicka,Roma,1800,CB
Odilon Kossounou,Atalanta,675,CB
Odilon Kossounou,Bayer Leverkusen,0,
Odisseas Vlachodimos,Newcastle United,0,
Odsonne Édouard,Crystal Palace,115,AM
Odsonne Édouard,Leicester City,29,FW
Oier Gastesi,Athletic Club,0,
Oier Zarraga,Udinese,499,CM
Oihan Sancet,Athletic Club,1010,AM
Ola Aina,Nottingham Forest,1733,RB
Ola Solbakken,Empoli,505,AM
Oladapo Afolayan,St. Pauli,1110,RW
Olasagasti,Real Sociedad,152,CM
Oleksandr Zinchenko,Arsenal,239,LB
Oliver Abildgaard,Como,7,LM
Oliver Baumann,Hoffenheim,1440,GK
Oliver Burke,Werder Bremen,145,FW
Oliver McBurnie,Las Palmas,732,FW
Oliver Scarles,West Ham United,36,LB
Oliver Skipp,Leicester City,708,DM
Olivier Deman,Werder Bremen,67,WB
Oliwier Zych,Aston Villa,0,
Ollie Watkins,Aston Villa,1362,FW
Omar Alderete,Getafe,1606,CB
Omar El Hilali,Espanyol,1568,RB
Omar Marmoush,Eintracht Frankfurt,1358,FW
Omar Mascarell,Mallorca,909,CM
Omar Sadik,Espanyol,0,
Omar Traoré,Heidenheim,1200,RB
Omari Forson,Monza,5,WB
Omari Hutchinson,Ipswich Town,1535,AM
Ondrej Duda,Hellas Verona,983,CM
Orel Mangala,Everton,991,DM
Orel Mangala,Lyon,67,LM
Oriol Romeu,Girona,810,CM
Orri Steinn Óskarsson,Real Sociedad,374,FW
Osame Sahraoui,Lille,819,LW
Oscar Højlund,Eintracht Frankfurt,162,CM
Oscar Lenne,Lens,0,
Othmane Maamma,Montpellier,59,FW
Oualid El Hajjam,Le Havre,0,
Oumar Diakité,Reims,1211,FW
Oumar Solet,Udinese,180,CB
Ousmane Dembélé,Paris Saint-Germain,989,RW
Ousmane Toure,Lille,6,RB
Oussama Targhalline,Le Havre,855,CM
Pablo Barrios,Atlético Madrid,1153,CM
Pablo Busto,Real Betis,0,
Pablo Cruz,Sevilla,0,
Pablo Durán,Celta Vigo,364,FW
Pablo Fornals,Real Betis,977,RW
Pablo Ibáñez,Osasuna,627,RM
Pablo Maffeo,Mallorca,1096,RB
Pablo Marí,Monza,1583,CB
Pablo Marín,Real Sociedad,89,CM
Pablo Rosario,Nice,1168,CM
Pablo Sarabia,Wolverhampton Wanderers,152,AM
Pablo Torre,Barcelona,248,RM
Pantelis Hatzidiakos,Cagliari,0,
Papa Ba,Girona,48,RM
Pape Daouda Diongue,Strasbourg,73,AM
Pape Gueye,Villarreal,1059,CM
Pape Matar Sarr,Tottenham Hotspur,900,RM
Pascal Groß,Dortmund,1048,DM
Pascal Stenzel,Stuttgart,131,RB
Pasquale Mazzocchi,Napoli,314,RW
Pathé Ciss,Rayo Vallecano,798,DM
Patric,Lazio,499,CB
Patrice Čović,Werder Bremen,0,
Patrick Ciurria,Monza,0,
Patrick Cutrone,Como,1183,FW
Patrick Dorgu,Lecce,760,RW
Patrick Drewes,Bochum,1440,GK
Patrick Erras,Holstein Kiel,832,CB
Patrick Mainka,Heidenheim,1440,CB
Patrick Osterhage,Freiburg,1097,DM
Patrick Wimmer,Wolfsburg,663,FW
Patrik Carlgren,Nantes,270,GK
Patrik Schick,Bayer Leverkusen,564,FW
Patrizio Masini,Genoa,66,CM
Patson Daka,Leicester City,217,FW
Pau Cabanes,Villarreal,101,RM
Pau Cubarsí,Barcelona,1488,CB
Pau López,Girona,0,
Pau Navarro,Villarreal,338,CB
Pau Torres,Aston Villa,1549,CB
Pau Victor Delgado,Barcelona,194,FW
Paul Hennrich,Hoffenheim,12,RM
Paul Jaeckel,Union Berlin,0,
Paul Joly,Auxerre,584,RB
Paul Nebel,Mainz 05,823,AM
Paul Onuachu,Southampton,215,FW
Paul Wanner,Heidenheim,1125,AM
Paulo Azzi,Cagliari,426,WB
Paulo Dybala,Roma,753,FW
Paulo Gazzaniga,Girona,1710,GK
Pavao Pervan,Wolfsburg,0,
Pavel Kadeřábek,Hoffenheim,731,WB
Paweł Dawidowicz,Hellas Verona,888,CB
Pedri,Barcelona,1425,DM
Pedro,Lazio,271,RW
Pedro Chirivella,Nantes,1241,DM
Pedro Díaz,Rayo Vallecano,199,CM
Pedro Lima,Wolverhampton Wanderers,58,WB
Pedro Neto,Chelsea,1002,RW
Pedro Ortiz,Sevilla,0,
Pedro Pereira,Monza,1002,WB
Pedro Porro,Tottenham Hotspur,1385,RB
Peio Canales,Athletic Club,20,AM
Pejiño,Las Palmas,16,FW
Pelayo Fernandez,Rayo Vallecano,0,
Pep Chavarría,Rayo Vallecano,1020,LB
Pepe Reina,Como,900,GK
Peque,Sevilla,724,AM
Pere Joan,Mallorca,0,
Pere Milla,Espanyol,227,LM
Pervis Estupiñán,Brighton & Hove Albion,1244,LB
Petar Stojanović,Empoli,3,AM
Peter Federico,Getafe,334,RM
Phil Foden,Manchester City,1055,AM
Phil Harres,Holstein Kiel,670,FW
Philip Billing,Bournemouth,184,AM
Philipp Hofmann,Bochum,1121,FW
Philipp Köhn,Monaco,900,GK
Philipp Lienhart,Freiburg,1280,CB
Philipp Sander,Mönchengladbach,644,DM
Philipp Treu,St. Pauli,1301,LM
Phillip Tietz,Augsburg,1004,FW
Phillipp Mwene,Mainz 05,1426,WB
Pica,Alavés,483,CB
Pierluigi Gollini,Genoa,630,GK
Piero Hincapié,Bayer Leverkusen,1313,CB
Pierre Cornud,Saint-Étienne,375,LB
Pierre Ekwah Elimby,Saint-Étienne,1231,CM
Pierre Højbjerg,Marseille,1435,DM
Pierre Kalulu,Juventus,1184,CB
Pierre Lees-Melou,Brest,350,CM
Pierrick Capelle,Angers,278,AM
Pietro Comi,Atalanta,0,
Pietro Comuzzo,Fiorentina,1397,CB
Pietro Pellegri,Empoli,414,FW
Pietro Pellegri,Torino,0,
Pietro Terracciano,Fiorentina,270,GK
Pietro Tornaghi,Atalanta,0,
Piotr Zieliński,Internazionale,394,CM
Pol Lirola,Marseille,357,RB
Pol Lozano,Espanyol,978,CM
Pol Tristán,Espanyol,0,
Pontus Almqvist,Parma,482,RW
Portu,Girona,222,AM
Przemysław Frankowski,Lens,1126,WB
Péter Gulácsi,RB Leipzig,1305,GK
Quentin Merlin,Marseille,697,LB
Rabby Nzingoula,Montpellier,855,DM
Rabby Nzingoula,Strasbourg,0,
Radosław Majecki,Monaco,630,GK
Radu Drăgușin,Tottenham Hotspur,847,CB
Rafa,Sevilla,0,
Rafa Marín,Napoli,0,
Rafa Mir,Valencia,300,FW
Rafael Bauza,Espanyol,174,DM
Rafael Fernandes,Lille,0,
Rafael Leão,Milan,1005,LW
Rafael Tolói,Atalanta,114,CB
Raffaele Di Gennaro,Internazionale,0,
Rafik Messali,Toulouse,1,AM
Raheem Sterling,Arsenal,148,LM
Ramon Hendriks,Stuttgart,196,CB
Ramy Bensebaini,Dortmund,885,LB
Ramón Martínez,Sevilla,0,
Ramón Sosa,Nottingham Forest,221,LW
Ramón Terrats,Villarreal,126,CM
Randal Kolo Muani,Paris Saint-Germain,358,FW
Randy Nteka,Rayo Vallecano,641,FW
Rani Khedira,Union Berlin,1298,CM
Raoul Bellanova,Atalanta,1119,WB
Raoul Bellanova,Torino,87,WB
Raphael Le Guen,Brest,0,
Raphaël Adiceam,Auxerre,0,
Raphaël Guerreiro,Bayern Munich,810,RB
Raphinha,Barcelona,1586,LW
Rareş Ilie,Nice,13,AM
Rareș-Cătălin Burnete,Lecce,0,
Rasmus Højlund,Manchester United,973,FW
Rasmus Kristensen,Eintracht Frankfurt,1117,RB
Rasmus Nicolaisen,Toulouse,623,CB
Rassoul Ndiaye,Le Havre,720,CM
Rayan Aït-Nouri,Wolverhampton Wanderers,1368,LB
Rayan Cherki,Lyon,745,RW
Rayan Raveloson,Auxerre,724,CM
Rayane Messi Tanfouri,Strasbourg,0,
Razvan Sava,Udinese,540,GK
Raúl,Osasuna,507,FW
Raúl Albiol,Villarreal,1188,CB
Raúl Asencio,Real Madrid,356,CB
Raúl Chasco,Valladolid,130,LB
Raúl Jiménez,Fulham,1227,FW
Raúl Jiménez,Valencia,0,
Raúl Martínez,Girona,0,
Raúl Moro,Valladolid,1250,LW
Raúl de Tomás,Rayo Vallecano,0,
Reda Belahyane,Hellas Verona,1109,CM
Reda Khadra,Reims,78,RM
Reece James,Chelsea,241,RB
Reinildo Mandava,Atlético Madrid,647,LB
Reiss Nelson,Arsenal,3,RW
Reiss Nelson,Fulham,487,LW
Remi Matthews,Crystal Palace,0,
Remi Oudin,Lecce,168,RM
Remo Freuler,Bologna,1161,DM
Remy Rees-Dottin,Bournemouth,0,
Renato Marin,Roma,0,
Renato Tapia,Leganés,1020,DM
Renato Veiga,Chelsea,181,LB
Ricard Artero,Girona,0,
Ricardo Pereira,Leicester City,146,RB
Ricardo Rodríguez,Real Betis,424,LB
Riccardo Calafiori,Arsenal,707,LB
Riccardo Orsolini,Bologna,737,RW
Riccardo Sottil,Fiorentina,608,LW
Richard Marcone,Parma,0,
Richarlison,Tottenham Hotspur,80,FW
Richie Sagrado,Venezia,140,WB
Rico Lewis,Manchester City,1383,LB
Ridgeciano Haps,Venezia,640,WB
Ridle Baku,RB Leipzig,26,WB
Ridle Baku,Wolfsburg,1170,RW
Ritsu Doan,Freiburg,1326,RW
Rob Holding,Crystal Palace,0,
Robert Andrich,Bayer Leverkusen,925,CM
Robert Gumny,Augsburg,96,WB
Robert Lewandowski,Barcelona,1476,FW
Robert Skov,Union Berlin,470,WB
Robert Sánchez,Chelsea,1620,GK
Robert Wagner,St. Pauli,364,CM
Roberto Gagliardini,Monza,95,CM
Roberto López,Leganés,364,AM
Roberto Navarro,Mallorca,889,RM
Roberto Piccoli,Cagliari,1562,FW
Robin Gosens,Fiorentina,963,LB
Robin Gosens,Union Berlin,90,WB
Robin Hack,Mönchengladbach,818,LW
Robin Hranáč,Hoffenheim,147,CB
Robin Koch,Eintracht Frankfurt,1422,CB
Robin Le Normand,Atlético Madrid,743,CB
Robin Olsen,Aston Villa,45,GK
Robin Risser,Strasbourg,0,
Robin Zentner,Mainz 05,1440,GK
Robinio Vaz,Marseille,0,
Rocco Reitz,Mönchengladbach,1006,DM
Rodney Elongo-Yombo,Dortmund,0,
Rodri,Manchester City,65,CM
Rodri,Real Betis,118,RW
Rodrigo Abajas,Valencia,65,LB
Rodrigo Bentancur,Tottenham Hotspur,588,CM
Rodrigo De Paul,Atlético Madrid,983,CM
Rodrigo Gomes,Wolverhampton Wanderers,443,WB
Rodrigo Muniz,Fulham,601,FW
Rodrigo Riquelme,Atlético Madrid,404,LB
Rodrygo,Real Madrid,1044,RW
Roggerio Nyakossi,Marseille,0,
Roland Sallai,Freiburg,46,LW
Rolando Mandragora,Fiorentina,351,CM
Romain Del Castillo,Brest,876,RW
Romain Faivre,Brest,505,RW
Romain Perraud,Real Betis,1268,LB
Roman Dixon,Everton,90,RB
Romano Schmid,Werder Bremen,1419,AM
Romelu Lukaku,Napoli,1357,FW
Romeo Aigbekaen,St. Pauli,0,
Roméo Lavia,Chelsea,477,DM
Ronald Araújo,Barcelona,0,
Ronnie Edwards,Southampton,12,CB
Ronny Seibt,St. Pauli,0,
Rony Mimb Baheng,Marseille,0,
Ross Barkley,Aston Villa,554,DM
Ross Stewart,Southampton,132,FW
Ruairi Mcconville,Brighton & Hove Albion,0,
Ruben Aguilar,Lens,270,WB
Ruben Lendinez,Valencia,0,
Ruben Loftus-Cheek,Milan,431,AM
Ruben Vargas,Augsburg,305,FW
Ruben Vargas,Sevilla,22,AM
Rubén García,Osasuna,1095,RW
Rubén Gómez,Villarreal,0,
Rubén Peña,Osasuna,508,RW
Rui Modesto,Udinese,91,WB
Rui Patrício,Atalanta,0,
Rui Silva,Real Betis,1350,GK
Ruslan Malinovskyi,Genoa,224,CM
Ryan Christie,Bournemouth,1404,DM
Ryan Fraser,Southampton,303,LW
Ryan Gravenberch,Liverpool,1648,DM
Ryan Manning,Southampton,558,LB
Ryan Sessegnon,Fulham,6,CM
Ryan Trevitt,Brentford,4,CM
Ryan Tutu Mayangila,Strasbourg,0,
Ryan Yates,Nottingham Forest,1329,DM
Rémy Cabella,Lille,638,RW
Rémy Descamps,Lyon,0,
Rémy Labeau Lascary,Lens,637,FW
Rúben Dias,Manchester City,1087,CB
Răzvan Marin,Cagliari,908,CM
Saad Agouzoul,Auxerre,0,
Saad El Haddad,Venezia,30,AM
Saba Goglichidze,Empoli,1376,CB
Saba Sazonov,Empoli,0,
Saba Sazonov,Torino,3,WB
Sacha Boey,Bayern Munich,280,RB
Sael Kumbedi,Lyon,177,RB
Saidou Sow,Strasbourg,1018,CB
Salah Oulad M'Hand,Arsenal,0,
Salih Özcan,Wolfsburg,353,CM
Salim Ben Seghir,Marseille,0,
Salvi,Espanyol,0,
Sam Beukema,Bologna,1575,CB
Sam Johnstone,Crystal Palace,0,
Sam Johnstone,Wolverhampton Wanderers,540,GK
Sam Morsy,Ipswich Town,1613,DM
Samir El Mourabet,Strasbourg,0,
Sammie Szmodics,Ipswich Town,978,LW
Samu Costa,Mallorca,1367,CM
Samuel Amissah,Fulham,0,
Samuel Amo-Ameyaw,Southampton,28,RW
Samuel Bamba,Bochum,10,FW
Samuel Chukwueze,Milan,539,RW
Samuel Dahl,Roma,43,DM
Samuel Edozie,Southampton,65,WB
Samuel Essende,Augsburg,795,FW
Samuel Gigot,Lazio,173,CB
Samuel Grandsir,Le Havre,84,AM
Samuel Iling-Junior,Bologna,111,RW
Samuel Lino,Atlético Madrid,757,LM
Samuel Mbangula,Juventus,494,LW
Samuel Nibombé,Monaco,0,
Samuel Rak-Sakyi,Chelsea,0,
Samuele Birindelli,Monza,392,WB
Samuele Perisan,Empoli,0,
Samuele Ricci,Torino,1677,CM
Samuele Vignato,Monza,228,AM
Sander Berge,Fulham,957,DM
Sandi Lovrić,Udinese,1070,CM
Sandro Ramírez,Las Palmas,1058,RW
Sandro Tonali,Newcastle United,1101,RM
Santi Comesaña,Villarreal,1266,CM
Santiago Bueno,Wolverhampton Wanderers,791,CB
Santiago Castro,Bologna,1236,FW
Santiago Mouriño,Alavés,631,CB
Santiago Pierotti,Lecce,589,RW
Saud Abdulhamid,Roma,129,WB
Saïd Benrahma,Lyon,666,RW
Saïmon Bouabré,Monaco,72,AM
Saúl Coco,Torino,1620,CB
Saúl Ñíguez,Sevilla,550,LM
Saša Lukić,Fulham,1150,DM
Scott Banks,St. Pauli,69,RW
Scott Carson,Manchester City,0,
Scott McKenna,Las Palmas,1268,CB
Scott McTominay,Manchester United,19,AM
Scott McTominay,Napoli,967,LM
Sead Kolašinac,Atalanta,1034,CB
Sean Longstaff,Newcastle United,720,RM
Sebastiaan Bornauw,Wolfsburg,632,CB
Sebastian Esposito,Lecce,0,
Sebastian Nanasi,Strasbourg,1239,LM
Sebastian Wade,Mallorca,0,
Sebastian Walukiewicz,Empoli,180,CB
Sebastian Walukiewicz,Torino,910,CB
Sebastiano Esposito,Empoli,1004,FW
Sebastiano Luperto,Cagliari,1800,CB
Seko Fofana,Rennes,72,CM
Sekou Mara,Strasbourg,605,FW
Selim Amallah,Valladolid,705,CM
Semuel Pizzignacco,Monza,270,GK
Senne Lynen,Werder Bremen,1309,CM
Senny Mayulu,Paris Saint-Germain,262,LM
Sepp van den Berg,Brentford,1338,RB
Serge Gnabry,Bayern Munich,512,LW
Sergi,Leganés,1662,CB
Sergi Altimira,Real Betis,1120,DM
Sergi Canós,Valencia,326,LM
Sergi Cardona,Villarreal,1502,LB
Sergi Darder,Mallorca,1213,LM
Sergi Dominguez,Barcelona,172,CB
Sergi Guardiola,Rayo Vallecano,80,FW
Sergi Gómez,Espanyol,652,CB
Sergi Roberto,Como,412,DM
Sergio Akieme,Reims,1239,LB
Sergio Camello,Rayo Vallecano,940,FW
Sergio Carreira,Celta Vigo,318,RM
Sergio Gómez,Real Sociedad,1369,LM
Sergio Herrera,Osasuna,1710,GK
Sergio Mestre,Real Madrid,0,
Sergio Reguilón,Tottenham Hotspur,45,LB
Sergiu Perciun,Torino,0,
Serhou Guirassy,Dortmund,1151,FW
Seydou Fini,Genoa,0,
Seydouba Cissé,Leganés,1224,CM
Shavy Babicka,Toulouse,527,AM
Sheraldo Becker,Real Sociedad,688,LM
Shiō Fukuda,Mönchengladbach,1,RW
Shuto Machino,Holstein Kiel,789,FW
Sidiki Cherif,Angers,282,FW
Siebe Van Der Heyden,Mallorca,97,LB
Sil Swinkels,Aston Villa,0,
Silas Katompa,Stuttgart,0,
Silvan Widmer,Mainz 05,177,WB
Silvano Vos,Milan,0,
Silvi Clúa,Girona,163,CM
Simon Adingra,Brighton & Hove Albion,491,LW
Simon Cara,Montpellier,0,
Simon Sohm,Parma,814,DM
Simone Pafundi,Udinese,0,
Simone Perilli,Hellas Verona,90,GK
Simone Scuffet,Cagliari,1170,GK
Simone Scuffet,Napoli,0,
Simone Verdi,Como,78,LW
Sinaly Diomande,Auxerre,880,CB
Sirlord Conteh,Heidenheim,415,RW
Skelly Alvero,Werder Bremen,105,CM
Sofiane Diop,Nice,648,AM
Sofyan Amrabat,Fiorentina,90,CM
Solly March,Brighton & Hove Albion,3,RB
Son Heung-min,Tottenham Hotspur,1060,LW
Sorba Thomas,Nantes,819,RW
Souleymane Touré,Udinese,727,CB
Soumaïla Coulibaly,Brest,321,CB
Soungoutou Magassa,Monaco,653,DM
Stanis Idumbo,Sevilla,212,LW
Stanislav Lobotka,Napoli,1255,CM
Stanko Jurić,Valladolid,1130,CM
Stanley N'Soki,Hoffenheim,630,CB
Stefan Bell,Mainz 05,879,CB
Stefan Džodić,Montpellier,188,CB
Stefan Lainer,Mönchengladbach,324,RB
Stefan Mitrović,Hellas Verona,0,
Stefan Ortega,Manchester City,630,GK
Stefan Posch,Bologna,545,RB
Stefan Schimmer,Heidenheim,168,FW
Stefan de Vrij,Internazionale,894,CB
Stefano Sabelli,Genoa,834,RB
Stefano Sensi,Monza,88,CM
Stefano Turati,Monza,1440,GK
Stephan El Shaarawy,Roma,613,WB
Stephy Mavididi,Leicester City,1115,LW
Steve Mandanda,Rennes,1395,GK
Steve Mounié,Augsburg,233,FW
Steve Ngoura,Le Havre,289,FW
Steven Benda,Fulham,0,
Steven Shpendi,Empoli,0,
Steven Skrzybski,Holstein Kiel,539,FW
Stipe Biuk,Valladolid,0,
Stoichkov,Alavés,685,AM
Stole Dimitrievski,Valencia,360,GK
Strahinja Pavlović,Milan,654,CB
Suat Serdar,Hellas Verona,362,CM
Suso,Sevilla,142,LW
Sven Botman,Newcastle United,89,CB
Sven Ulreich,Bayern Munich,90,GK
Szymon Żurkowski,Empoli,0,
Sávio,Manchester City,990,RW
Séamus Coleman,Everton,197,RB
Sébastien Haller,Dortmund,0,
Sébastien Haller,Leganés,404,FW
Sékou Doucoure,Nantes,0,
Sérigné Diop,Brest,0,
Tadeo Allende,Celta Vigo,2,FW
Taiwo Awoniyi,Nottingham Forest,227,FW
Tajon Buchanan,Internazionale,58,LW
Takefusa Kubo,Real Sociedad,1188,RM
Takehiro Tomiyasu,Arsenal,7,RB
Takuma Asano,Mallorca,394,RW
Takumi Minamino,Monaco,965,AM
Tammy Abraham,Milan,593,FW
Tammy Abraham,Roma,1,FW
Tanguy Coulibaly,Montpellier,437,LW
Tanguy Ndombele,Nice,1018,CM
Tanguy Nianzou,Sevilla,518,CB
Tanner Tessmann,Lyon,309,CM
Tariq Lamptey,Brighton & Hove Albion,349,RB
Taylor Harwood-Bellis,Southampton,1310,CB
Teddy Boulhendi,Nice,0,
Teddy Teuma,Reims,397,AM
Tete Morente,Lecce,711,LW
Teun Koopmeiners,Juventus,940,AM
Theo Bair,Auxerre,420,FW
Theo Hernández,Milan,1084,LB
Thiago,Brentford,132,FW
Thiago Ojeda,Villarreal,8,CM
Thibault De Smet,Reims,192,CB
Thibaut Courtois,Real Madrid,1440,GK
Thierno Barry,Villarreal,1116,FW
Thierry Correia,Valencia,768,RB
Thijs Dallinga,Bologna,299,FW
Thilo Kehrer,Monaco,1260,CB
Thomas Berenbruch,Internazionale,0,
Thomas Campaniello,Empoli,0,
Thomas Cannon,Leicester City,0,
Thomas Dähne,Holstein Kiel,0,
Thomas Keller,Heidenheim,59,RB
Thomas Kristensen,Udinese,638,CB
Thomas Lemar,Atlético Madrid,7,CM
Thomas Meunier,Lille,640,RB
Thomas Müller,Bayern Munich,615,AM
Thomas Partey,Arsenal,1493,CM
Thomas Wilson-Brown,Leicester City,0,
Thorsten Brits,Manchester City,0,
Théo Chennahi,Montpellier,8,DM
Théo De Percin,Auxerre,180,GK
Théo Pellenard,Auxerre,45,CB
Théo Sainte-Luce,Montpellier,41,LB
Tiago Palacios,Internazionale,11,CB
Tiago Santos,Lille,404,RB
Tiago Tomás,Wolfsburg,1108,FW
Tidiane Diallo,Strasbourg,0,
Tijjani Noslin,Lazio,450,LW
Tijjani Reijnders,Milan,821,DM
Tim Breithaupt,Augsburg,120,DM
Tim Drexler,Hoffenheim,357,CB
Tim Iroegbunam,Everton,383,DM
Tim Kleindienst,Mönchengladbach,1409,FW
Tim Oermann,Bochum,723,CB
Tim Siersleben,Heidenheim,253,CB
Tim Skarke,Union Berlin,537,FW
Timo Becker,Holstein Kiel,1125,WB
Timo Horn,Bochum,0,
Timo Werner,Tottenham Hotspur,446,LW
Timon Weiner,Holstein Kiel,1440,GK
Timothee Pembele,Le Havre,674,CB
Timothy Castagne,Fulham,543,RB
Timothy Chandler,Eintracht Frankfurt,18,RB
Timothy Weah,Juventus,401,LW
Tino Kadewere,Nantes,475,AM
Tobias Sippel,Mönchengladbach,0,
Toby Collyer,Manchester United,45,DM
Tom Bischof,Hoffenheim,1101,CM
Tom Cairney,Fulham,354,DM
Tom Edozie,Wolverhampton Wanderers,0,
Tom Heaton,Manchester United,0,
Tom Louchet,Nice,494,RB
Tom Negrel,Auxerre,0,
Tom Pouilly,Lens,46,WB
Tom Rothe,Union Berlin,962,WB
Toma Bašić,Lazio,0,
Tommaso Augello,Cagliari,1076,WB
Tommaso Baldanzi,Roma,308,AM
Tommaso Cassandro,Como,0,
Tommaso Corazza,Bologna,0,
Tommaso Del Lungo,Atalanta,0,
Tommaso Gabellini,Torino,0,
Tommaso Martinelli,Fiorentina,0,
Tommaso Pittino,Genoa,0,
Tommaso Pobega,Bologna,343,DM
Tommaso Rubino,Fiorentina,8,AM
Tommy Doyle,Wolverhampton Wanderers,400,CM
Tommy Setford,Arsenal,0,
Tomás Conechny,Alavés,542,LM
Tomáš Souček,West Ham United,1105,CM
Tomáš Suslov,Hellas Verona,797,RW
Tomáš Čvančara,Mönchengladbach,222,RW
Toni Fernández,Barcelona,0,
Toni Lato,Mallorca,263,LB
Toni Martínez,Alavés,518,FW
Toni Villa,Girona,0,
Tony Yogane,Brentford,0,
Tosin Adarabioyo,Chelsea,623,CB
Toti Gomes,Wolverhampton Wanderers,1084,CB
Trent Alexander-Arnold,Liverpool,1395,RB
Trevoh Chalobah,Crystal Palace,1060,CB
Trey Nyoni,Liverpool,0,
Tuta,Eintracht Frankfurt,1132,CB
Tyler Adams,Bournemouth,506,DM
Tyler Dibling,Southampton,1015,RW
Tyler Morton,Liverpool,0,
Tymoteusz Puchacz,Holstein Kiel,396,WB
Tyrell Malacia,Manchester United,90,WB
Tyrick Mitchell,Crystal Palace,1744,WB
Tyrique George,Chelsea,0,
Tyrone Mings,Aston Villa,251,CB
Téji Savanier,Montpellier,1253,AM
Ulisses Garcia,Marseille,433,LB
Umar Sadiq,Real Sociedad,227,FW
Umar Sadiq,Valencia,22,FW
Umut Tohumcu,Hoffenheim,288,CM
Unai Eguíluz,Athletic Club,0,
Unai García,Osasuna,0,
Unai Gómez,Athletic Club,511,AM
Unai López,Rayo Vallecano,897,CM
Unai Marrero,Real Sociedad,0,
Unai Núñez,Athletic Club,270,CB
Unai Simón,Athletic Club,180,GK
Urko González,Real Sociedad,45,CM
Valentin Atangana Edoa,Reims,1397,DM
Valentin Carboni,Marseille,103,AM
Valentin Gendrey,Hoffenheim,814,WB
Valentin Gendrey,Lecce,180,RB
Valentin Mihaila,Parma,466,LW
Valentin Rongier,Marseille,647,CM
Valentin Rosier,Leganés,1183,RB
Valentino Lazaro,Torino,1119,WB
Valentino Livramento,Newcastle United,1320,RB
Valentín Barco,Brighton & Hove Albion,0,
Valentín Barco,Sevilla,288,LB
Valentín Castellanos,Lazio,1320,FW
Valentín Pezzolesi,Las Palmas,0,
Valery Fernández,Mallorca,223,LM
Vanderson,Monaco,1022,RB
Vanja Milinković-Savić,Torino,1710,GK
Vanja Vlahović,Atalanta,25,CM
Vasilije Adžić,Juventus,25,CM
Vedat Muriqi,Mallorca,993,FW
Velizar-Ilia Svetozarov Iliev,Cagliari,0,
Vernon Addo,Lecce,0,
Vicent Abril Sanz,Valencia,0,
Vicente Guaita,Celta Vigo,1350,GK
Victor Bernth Kristiansen,Leicester City,1487,LB
Victor Boniface,Bayer Leverkusen,658,FW
Victor Lindelöf,Manchester United,63,CB
Victor Mayela,Auxerre,0,
Victor Orakpo,Nice,36,LW
Viggo Gebel,RB Leipzig,14,RM
Viktor Tsyhankov,Girona,492,RW
Vincent Burlet,Lille,0,
Vincent Sierro,Toulouse,1235,CM
Vincenzo Grifo,Freiburg,1196,LW
Vinicius Júnior,Real Madrid,1175,LW
Virgil van Dijk,Liverpool,1710,CB
Vitaliy Mykolenko,Everton,1465,LB
Vitaly Janelt,Brentford,1420,CM
Vitezslav Jaros,Liverpool,12,GK
Viti,Las Palmas,916,RB
Vitinha,Genoa,696,FW
Vitinha,Paris Saint-Germain,1054,CM
Vito Mannone,Lille,0,
Vitor Roque,Real Betis,1009,FW
Vitus Eicher,Heidenheim,0,
Vladimír Coufal,West Ham United,572,RB
Víctor Meseguer,Valladolid,418,CM
Víctor Muñoz,Real Madrid,0,
Víctor Puig,Las Palmas,0,
Wahbi Khazri,Montpellier,693,FW
Waldemar Anton,Dortmund,810,CB
Walid Cheddira,Espanyol,588,FW
Walid Cheddira,Napoli,12,FW
Waren Kamanzi,Toulouse,688,WB
Warmed Omari,Lyon,8,CB
Warmed Omari,Rennes,0,
Warren Bondo,Monza,1212,CM
Warren Madrigal,Valencia,0,
Warren Zaïre-Emery,Paris Saint-Germain,1150,RM
Wataru Endo,Liverpool,60,DM
Wes Burns,Ipswich Town,828,RW
Wes Foderingham,West Ham United,0,
Wesley Adeh,Werder Bremen,0,
Wesley Fofana,Chelsea,1015,CB
Wesley Okoduwa,Wolverhampton Wanderers,0,
Wesley Saïd,Lens,380,FW
Weston McKennie,Juventus,514,DM
Wilfred Ndidi,Leicester City,1215,DM
Wilfried Singo,Monaco,1187,CB
Wilfried Zaha,Lyon,73,LW
Will Alves,Leicester City,1,LW
Will Dennis,Bournemouth,0,
Will Hughes,Crystal Palace,1090,CM
Will Lankshear,Tottenham Hotspur,1,FW
Willi Orban,RB Leipzig,1254,CB
William Carvalho,Real Betis,247,DM
William Feola,Como,0,
William Osula,Newcastle United,31,FW
William Saliba,Arsenal,1649,CB
William Smallbone,Southampton,241,CM
Willian Pacho,Paris Saint-Germain,1226,CB
Williot Swedberg,Celta Vigo,690,LW
Willy Boly,Nottingham Forest,115,CB
Willy Kambwala,Villarreal,121,CB
Wilson Odobert,Tottenham Hotspur,162,LW
Wladimiro Falcone,Lecce,1800,GK
Wojciech Szczęsny,Barcelona,0,
Wout Faes,Leicester City,1285,CB
Woyo Coulibaly,Parma,814,RB
Wylan Cyprien,Parma,28,DM
Xaver Schlager,RB Leipzig,181,CM
Xavi Simons,RB Leipzig,679,AM
Yacine Adli,Fiorentina,577,DM
Yael Mouanga,Montpellier,90,CB
Yael Nandjou,Nice,154,LB
Yahia Fofana,Angers,1530,GK
Yan Couto,Dortmund,489,RB
Yangel Herrera,Girona,898,CM
Yanis Issoufou,Montpellier,77,CM
Yanis Zouaoui,Le Havre,412,LB
Yankuba Minteh,Brighton & Hove Albion,637,RW
Yann Aurel Bisseck,Internazionale,771,CB
Yann Gboho,Toulouse,1369,AM
Yann Karamoh,Torino,478,FW
Yann Liénard,Monaco,0,
Yann Sommer,Internazionale,1620,GK
Yannick Gerhardt,Wolfsburg,559,AM
Yannik Engelhardt,Como,582,DM
Yannik Keitel,Stuttgart,102,AM
Yannik Lührs,Dortmund,127,CB
Yarek Gasiorowski,Valencia,826,CB
Yaser Asprilla,Girona,649,RW
Yasin Ayari,Brighton & Hove Albion,1014,DM
Yassin Belkhdim,Angers,594,DM
Yassine Kechta,Le Havre,1024,CM
Yaya Kader Fofana,Reims,634,CM
Yehor Yarmoliuk,Brentford,516,CM
Yehvann Diouf,Reims,1530,GK
Yeray Álvarez,Athletic Club,812,CB
Yeremi Pino,Villarreal,830,RM
Yerry Mina,Cagliari,1269,CB
Yerson Mosquera,Wolverhampton Wanderers,441,CB
Ylber Ramadani,Lecce,979,CM
Yllan Okou,Hellas Verona,2,CB
Yoane Wissa,Brentford,1301,FW
Yoann Cissé,Auxerre,1,CM
Yoann Salmier,Le Havre,778,CB
Yoel Lago,Celta Vigo,0,
Yoni Gomis,Strasbourg,0,
Yoram Zague,Paris Saint-Germain,160,LB
Yorbe Vertessen,Union Berlin,687,AM
Yordan Osorio,Parma,172,CB
Younes Lachaab,Lille,0,
Youri Tielemans,Aston Villa,1681,DM
Youssef Chermiti,Everton,0,
Youssef Lekhedim,Real Madrid,0,
Youssef Maleh,Empoli,938,CM
Youssouf Fofana,Milan,1060,DM
Youssouf Ndayishimiye,Nice,762,CB
Youssouf Sabaly,Real Betis,973,RB
Youssoufa Moukoko,Nice,189,FW
Yukinari Sugawara,Southampton,858,RB
Yunis Abdelhamid,Saint-Étienne,936,CB
Yunus Emre Konak,Brentford,21,CM
Yunus Musah,Milan,485,RW
Yuri Berchiche,Athletic Club,1137,LB
Yussuf Poulsen,RB Leipzig,198,FW
Yusuf Kabadayı,Augsburg,71,FW
Yvan Neyou,Leganés,1200,DM
Yvann Macon,Saint-Étienne,286,RB
Yves Bissouma,Tottenham Hotspur,781,CM
Zach Abbott,Nottingham Forest,0,
Zachariah Marsh,Crystal Palace,0,
Zakaria Aboukhlal,Toulouse,1344,AM
Zeki Çelik,Roma,820,WB
Zinedine Ferhat,Angers,283,RW
Zinédine Ould Khaled,Angers,57,CM
Zion Suzuki,Parma,1694,GK
Zito Luvumbo,Cagliari,665,FW
Zuriko Davitashvili,Saint-Étienne,1362,LM
Álex Berenguer,Athletic Club,1033,LW
Álex Domínguez,Toulouse,19,GK
Álex Gil,Leganés,0,
Álex Grimaldo,Bayer Leverkusen,1412,WB
Álex Moreno,Nottingham Forest,788,LB
Álex Muñoz,Las Palmas,926,LB
Álex Remiro,Real Sociedad,1620,GK
Álex Suárez,Las Palmas,1343,CB
Álex Valle,Barcelona,0,
Álvaro Abajas,Leganés,0,
Álvaro Aceves,Valladolid,0,
Álvaro Aguado,Espanyol,325,CM
Álvaro Cortés,Barcelona,0,
Álvaro Fernández,Sevilla,657,GK
Álvaro García,Rayo Vallecano,1089,LM
Álvaro Killane,Las Palmas,0,
Álvaro Morata,Milan,971,FW
Álvaro Odriozola,Real Sociedad,43,RB
Álvaro Pascual,Sevilla,62,FW
Álvaro Rodríguez,Getafe,488,FW
Álvaro Tejero,Espanyol,929,RM
Álvaro djaló,Athletic Club,445,FW
Ángel Correa,Atlético Madrid,472,FW
Áron Yaakobishvili,Barcelona,0,
Éder Militão,Real Madrid,938,CB
Éderson,Atalanta,1510,CM
Óscar Mingueza,Celta Vigo,1454,RM
Óscar Perea,Strasbourg,7,DM
Óscar Rodríguez Arnaiz,Leganés,673,AM
Óscar Trejo,Rayo Vallecano,239,AM
Óscar Valentín,Rayo Vallecano,1216,CM
Óscar de Marcos,Athletic Club,1002,RB
Ørjan Nyland,Sevilla,1053,GK
Ümit Akdag,Toulouse,296,CB
Þórir Jóhann Helgason,Lecce,92,RM
Đorđe Petrović,Strasbourg,1260,GK
İlkay Gündoğan,Manchester City,1149,DM
Łukasz Fabiański,West Ham United,765,GK
Łukasz Skorupski,Bologna,1080,GK
